1,google.com
2,youtube.com
3,facebook.com
4,baidu.com
5,wikipedia.org
6,yahoo.com
7,google.co.in
8,qq.com
9,reddit.com
10,taobao.com
11,twitter.com
12,amazon.com
13,google.co.jp
14,tmall.com
16,live.com
17,vk.com
18,instagram.com
19,sina.com.cn
20,jd.com
21,weibo.com
22,360.cn
23,google.de
24,google.co.uk
25,linkedin.com
26,google.com.br
27,google.fr
28,list.tmall.com
29,google.ru
30,yandex.ru
31,google.com.hk
32,netflix.com
33,yahoo.co.jp
34,google.it
35,t.co
36,ebay.com
37,imgur.com
38,google.es
39,pornhub.com
40,msn.com
41,bing.com
42,onclkds.com
43,google.ca
44,google.com.mx
45,livejasmin.com
46,twitch.tv
47,tumblr.com
48,alipay.com
49,mail.ru
50,hao123.com
51,microsoft.com
52,aliexpress.com
53,wordpress.com
54,ok.ru
55,xvideos.com
56,stackoverflow.com
57,imdb.com
58,blogspot.com
59,github.com
60,amazon.co.jp
61,pinterest.com
62,office.com
63,apple.com
64,csdn.net
65,google.com.tr
66,microsoftonline.com
67,popads.net
68,wikia.com
69,google.com.au
70,google.com.tw
71,whatsapp.com
72,youth.cn
73,paypal.com
74,diply.com
75,google.pl
76,google.co.id
77,xhamster.com
78,detail.tmall.com
79,gmw.cn
80,adobe.com
81,bongacams.com
82,coccoc.com
84,googleusercontent.com
85,dropbox.com
86,bbc.co.uk
87,amazon.de
88,pixnet.net
89,google.com.pk
90,google.co.th
91,txxx.com
92,craigslist.org
93,google.com.ar
94,thepiratebay.org
95,cnn.com
96,tianya.cn
97,google.com.eg
98,bbc.com
99,amazon.in
100,so.com
101,google.com.sa
102,porn555.com
103,fc2.com
104,booking.com
105,china.com
106,quora.com
107,clicksgear.com
108,soundcloud.com
109,amazon.co.uk
110,uptodown.com
111,naver.com
112,nicovideo.jp
113,google.com.ua
114,google.nl
115,nytimes.com
116,ask.com
117,savefrom.net
118,rakuten.co.jp
119,amazonaws.com
120,dailymotion.com
121,ettoday.net
122,ntd.tv
123,xnxx.com
124,theguardian.com
125,blastingnews.com
126,adf.ly
127,google.co.za
128,google.co.ve
129,detik.com
130,espn.com
131,ebay.de
132,onlinesbi.com
133,fbcdn.net
134,tribunnews.com
135,blogger.com
136,vice.com
137,salesforce.com
138,stackexchange.com
139,google.co.kr
140,vimeo.com
141,chase.com
142,ebay.co.uk
143,spotify.com
144,chaturbate.com
145,ladbible.com
146,steamcommunity.com
147,gomovies.to
148,google.gr
149,google.com.vn
150,globo.com
151,buzzfeed.com
152,dailymail.co.uk
153,mozilla.org
154,xinhuanet.com
155,google.com.sg
156,slideshare.net
157,google.com.co
158,cnet.com
159,google.be
160,upornia.com
161,flipkart.com
162,avito.ru
163,daikynguyenvn.com
164,google.se
165,mediafire.com
166,popcash.net
167,indeed.com
168,openload.co
169,google.com.ph
170,douyu.com
172,deviantart.com
173,github.io
174,google.az
175,rambler.ru
176,washingtonpost.com
178,wikihow.com
179,google.cn
180,force.com
181,bet365.com
182,thewhizmarketing.com
183,nih.gov
184,w3schools.com
185,pinimg.com
186,roblox.com
187,steampowered.com
188,google.at
189,9gag.com
190,sogou.com
191,godaddy.com
192,etsy.com
193,yelp.com
194,google.com.ng
195,zhihu.com
196,softonic.com
197,hclips.com
198,slack.com
199,google.com.pe
200,iwanttodeliver.com
201,redtube.com
202,tokopedia.com
203,alibaba.com
204,walmart.com
205,babytree.com
206,performanceadexchange.com
207,redd.it
208,4chan.org
209,trackmedia101.com
210,google.cz
211,messenger.com
212,gfycat.com
213,mercadolivre.com.br
214,myway.com
215,google.ro
216,google.ch
217,bp.blogspot.com
218,china.com.cn
219,google.cl
220,bankofamerica.com
221,rarbg.to
222,metropcs.mobi
223,askcom.me
224,google.no
225,indiatimes.com
226,google.pt
227,blogspot.co.id
228,1688.com
229,trello.com
230,mama.cn
231,abs-cbn.com
232,amazon.fr
233,zillow.com
234,hotstar.com
235,tripadvisor.com
236,cpm10.com
237,outbrain.com
238,weather.com
239,kinogo.club
240,wellsfargo.com
241,google.ae
242,reimageplus.com
243,huffingtonpost.com
244,discordapp.com
245,amazon.it
246,ameblo.jp
247,forbes.com
248,irctc.co.in
249,hotmovs.com
250,google.co.ao
251,yts.ag
252,bilibili.com
253,youporn.com
254,dingit.tv
255,google.dz
256,mega.nz
257,people.com.cn
258,livejournal.com
259,battle.net
260,39.net
261,youm7.com
262,adexchangeprediction.com
263,ign.com
264,gamepedia.com
265,speedtest.net
266,liputan6.com
267,wetransfer.com
268,google.ie
269,files.wordpress.com
270,sharepoint.com
271,ltn.com.tw
272,google.hu
273,wordreference.com
274,kompas.com
275,spotscenered.info
276,espncricinfo.com
277,ikea.com
278,doubleclick.net
279,bitauto.com
280,cnblogs.com
281,huaban.com
282,foxnews.com
283,google.co.il
284,wikimedia.org
285,aol.com
286,google.dk
287,torrentz2.eu
288,kissanime.ru
289,allegro.pl
290,daum.net
291,archive.org
292,freepik.com
293,feedly.com
294,breitbart.com
295,shutterstock.com
296,google.fi
297,streamable.com
298,giphy.com
299,leboncoin.fr
300,kakaku.com
301,ebay-kleinanzeigen.de
302,businessinsider.com
303,telegraph.co.uk
304,thesaurus.com
305,sabah.com.tr
306,skype.com
307,newstarads.com
308,varzesh3.com
309,kinopoisk.ru
310,bestbuy.com
311,rutracker.org
312,huanqiu.com
313,cricbuzz.com
314,scribd.com
315,spankbang.com
316,caijing.com.cn
317,tfetimes.com
318,chinadaily.com.cn
319,weebly.com
320,k618.cn
321,airbnb.com
322,genius.com
323,bukalapak.com
324,onlinevideoconverter.com
325,sberbank.ru
326,sourceforge.net
327,flickr.com
328,subject.tmall.com
329,researchgate.net
330,codeonclick.com
331,zippyshare.com
332,naver.jp
333,amazon.cn
334,gismeteo.ru
335,taringa.net
336,mediawhirl.net
337,hola.com
338,amazon.es
339,ouo.io
340,web.de
341,nownews.com
342,xfinity.com
343,telegram.org
344,asos.com
345,wittyfeed.com
346,youtube-mp3.org
347,rumble.com
348,google.sk
349,gmx.net
350,aliyun.com
351,goo.ne.jp
352,mailchimp.com
353,independent.co.uk
354,homedepot.com
355,media.tumblr.com
356,oracle.com
357,kaskus.co.id
358,accuweather.com
359,mmofreegames.online
360,1337x.to
361,hatena.ne.jp
362,videodownloadconverter.com
363,conservativetribune.com
364,lifebuzz.com
365,gamefaqs.com
366,ndtv.com
367,userapi.com
368,rt.com
369,2ch.net
370,weevah2.top
371,wordpress.org
372,hatenablog.com
373,orange.fr
374,gearbest.com
375,digikala.com
376,providr.com
377,medium.com
378,shopify.com
379,eastday.com
380,bet9ja.com
381,goodreads.com
382,livedoor.jp
383,zendesk.com
384,redirectvoluum.com
385,icloud.com
386,samsung.com
387,google.kz
388,onet.pl
389,aparat.com
390,amazon.ca
391,repubblica.it
392,cnzz.com
393,hulu.com
394,hp.com
395,elpais.com
396,subscene.com
397,go.com
398,taboola.com
399,yesky.com
400,ci123.com
401,leagueoflegends.com
402,target.com
403,olx.ua
404,evernote.com
405,youdao.com
406,ensonhaber.com
407,atlassian.net
408,usps.com
409,reverso.net
410,rottentomatoes.com
411,capitalone.com
412,naij.com
413,canva.com
414,beeg.com
415,americanexpress.com
416,mercadolibre.com.ar
417,taleo.net
418,spiegel.de
419,pandora.com
420,hdfcbank.com
421,gyazo.com
422,onedio.com
423,ups.com
424,rednet.cn
425,haber7.com
426,qiita.com
427,theverge.com
428,livedoor.com
429,udemy.com
430,doublepimpssl.com
431,wp.pl
432,seasonvar.ru
433,baike.com
434,themeforest.net
435,google.com.kw
436,marca.com
437,urbandictionary.com
438,exoclick.com
439,ultimate-guitar.com
440,thewhizproducts.com
441,duckduckgo.com
442,box.com
443,perfecttoolmedia.com
444,behance.net
445,merdeka.com
446,fiverr.com
447,mlb.com
448,bloomberg.com
449,shink.in
450,iqiyi.com
451,upwork.com
452,sciencedirect.com
453,setn.com
454,sumatoad.com
455,line.me
456,launchpage.org
457,mi.com
458,ebay.it
459,cloudfront.net
460,wix.com
461,kickstarter.com
462,google.co.nz
463,chatwork.com
464,rediff.com
465,scribol.com
466,dell.com
467,reuters.com
468,piz7ohhujogi.com
469,weblio.jp
470,boredpanda.com
471,google.bg
472,blackboard.com
473,intuit.com
474,mit.edu
475,free.fr
476,ibm.com
477,patreon.com
478,ytimg.com
479,vtv.vn
480,4dsply.com
481,sportbible.com
482,biobiochile.cl
483,seznam.cz
484,tutorialspoint.com
485,dictionary.com
486,doublepimp.com
487,momoshop.com.tw
488,gizmodo.com
489,fedex.com
490,groupon.com
491,camdolls.com
492,webtretho.com
493,goal.com
494,playstation.com
495,paytm.com
496,patch.com
497,icicibank.com
498,cerpen.co.id
499,office365.com
500,glassdoor.com
501,t-online.de
502,163.com
503,poloniex.com
504,slickdeals.net
505,humblebundle.com
506,hespress.com
507,wattpad.com
508,givemesport.com
509,ck101.com
510,zoho.com
511,webmd.com
512,nur.kz
513,frstlead.com
514,azlyrics.com
515,mercadolibre.com.mx
516,naukri.com
517,usatoday.com
518,mbc.net
519,pantip.com
520,pixabay.com
521,myanimelist.net
522,prezi.com
523,umblr.com
524,libero.it
525,kapanlagi.com
526,citi.com
527,lazada.co.id
528,flirt4free.com
529,sahibinden.com
530,uidai.gov.in
531,google.lk
532,wiktionary.org
533,gamer.com.tw
534,coinmarketcap.com
535,filehippo.com
536,gsmarena.com
537,ebay.com.au
538,pulseonclick.com
539,google.rs
540,tube8.com
541,blogspot.mx
542,coinbase.com
543,list-manage.com
544,iqoption.com
545,billdesk.com
546,tistory.com
547,pikabu.ru
548,nametests.com
549,newtabtv.com
550,jrj.com.cn
551,lemonde.fr
552,okdiario.com
553,manoramaonline.com
554,wsj.com
555,wiley.com
556,siteadvisor.com
557,albawabhnews.com
558,vporn.com
559,shaparak.ir
560,uploaded.net
561,fmovies.se
562,tvbs.com.tw
563,google.by
564,engadget.com
565,yandex.ua
566,hilltopads.net
567,xda-developers.com
568,springer.com
569,kooora.com
570,nba.com
571,wixsite.com
572,nike.com
573,oeeee.com
574,tabelog.com
575,thefreedictionary.com
576,bild.de
577,paclitor.com
578,sabq.org
579,elmundo.es
580,ptt.cc
581,emol.com
582,google.com.do
583,hurriyet.com.tr
584,expedia.com
585,friv.com
586,asana.com
587,grid.id
588,instructure.com
589,npr.org
590,terraclicks.com
591,hubspot.com
592,academia.edu
593,drom.ru
594,inquirer.net
595,bleacherreport.com
596,hm.com
597,olx.pl
598,chip.de
599,wowhead.com
600,my-hit.org
601,cambridge.org
602,att.com
603,avg.com
604,as.com
605,kijiji.ca
606,4shared.com
607,techcrunch.com
608,17ok.com
609,olx.com.br
610,asus.com
611,telewebion.com
612,dmm.co.jp
613,ctitv.com.tw
614,mywatchseries.to
615,youjizz.com
616,discogs.com
617,mirror.co.uk
618,surveymonkey.com
619,getpocket.com
620,milliyet.com.tr
621,buyma.com
622,104.com.tw
623,souq.com
624,okta.com
625,hotels.com
626,prothom-alo.com
627,blogfa.com
628,pages.tmall.com
629,prestoris.com
630,wish.com
631,gamespot.com
632,moneycontrol.com
633,nikkei.com
634,re19fla.com
635,ria.ru
636,bandcamp.com
637,corriere.it
638,newegg.com
639,google.hr
640,squarespace.com
641,xe.com
642,drtuber.com
643,investopedia.com
644,life.tw
645,neobux.com
646,comcast.net
647,adp.com
648,wunderground.com
649,fbsbx.com
650,convert2mp3.net
651,discuss.com.hk
652,imwhite.ru
653,webex.com
654,banggood.com
655,ebay.in
656,google.com.ly
657,reallifecam.com
658,x48fly.com
659,eksisozluk.com
660,birdieulx.com
661,ask.fm
662,ouedkniss.com
663,drive2.ru
664,badoo.com
665,kotaku.com
666,norton.com
667,thekitchn.com
668,douban.com
669,animeflv.net
670,bitbucket.org
671,hamariweb.com
672,beytoote.com
673,translationbuddy.com
674,appledaily.com.tw
675,mercadolibre.com.ve
676,mysagagame.com
678,suning.com
679,yadi.sk
680,myfreecams.com
681,khanacademy.org
682,youboy.com
683,japanpost.jp
684,liveadexchanger.com
685,solarmoviez.to
686,gogoanime.io
687,chaoshi.tmall.com
688,lifehacker.com
689,namnak.com
690,sex.com
691,goo.gl
692,elbalad.news
693,linkshrink.net
694,okcupid.com
695,googlevideo.com
696,meetup.com
697,southwest.com
698,hdzog.com
699,theepochtimes.com
700,westernjournalism.com
701,google.tn
702,chinaz.com
703,porn.com
704,verizonwireless.com
705,directrev.com
706,51sole.com
707,lapatilla.com
708,lefigaro.fr
709,yenisafak.com
710,nanoadexchange.com
711,lenta.ru
712,cnbc.com
713,dafont.com
714,www.gov.uk
715,viva.co.id
716,streamcloud.eu
717,uptobox.com
718,content1req.com
719,jeuxvideo.com
720,motherless.com
721,g2a.com
722,drudgereport.com
723,ccm.net
724,rapidgator.net
725,jianshu.com
726,apple-kungfu.com
727,watchfree.to
728,adnetworkperformance.com
729,superuser.com
730,mobile.de
731,ecosia.org
732,voyeurhit.com
733,android.com
734,alicdn.com
735,nordstrom.com
736,realtor.com
737,coursera.org
738,sakura.ne.jp
739,bitly.com
740,thesun.co.uk
741,autodesk.com
742,lowes.com
743,thevideo.me
744,brilio.net
745,lenovo.com
746,infusionsoft.com
747,gmarket.co.kr
748,subito.it
749,okezone.com
750,caliente.mx
751,udn.com
752,voc.com.cn
757,likemag.com
758,xgames-04.com
759,popmyads.com
760,zone-telechargement.ws
761,discover.com
762,addthis.com
763,uzone.id
764,vnexpress.net
765,secureserver.net
766,commentcamarche.net
767,politico.com
768,nypost.com
769,europa.eu
770,eskimi.com
771,chinaso.com
772,bodybuilding.com
773,ca.gov
774,google.com.ec
775,jabong.com
776,urdupoint.com
777,kayak.com
778,plarium.com
779,stanford.edu
780,duolingo.com
781,nikkeibp.co.jp
782,thebalance.com
783,stockstar.com
784,investing.com
785,kissasian.com
786,howtogeek.com
787,timeanddate.com
788,state.gov
789,wp.com
790,disq.us
791,mundo.com
792,cisco.com
793,fanfiction.net
794,ipetgroup.com
795,torrentproject.se
796,intoday.in
797,crunchyroll.com
798,express.co.uk
799,unity3d.com
800,snapdeal.com
801,kinokrad.co
802,fatosdesconhecidos.com.br
803,jimdo.com
804,divar.ir
805,itmedia.co.jp
806,php.net
807,azxsd.pro
808,trulia.com
809,google.lt
810,4pda.ru
811,intel.com
812,dailypakistan.com.pk
813,quizlet.com
814,nextlnk13.com
815,ebay.fr
816,gotporn.com
817,zing.vn
818,google.iq
819,uber.com
820,seesaa.net
821,mobile01.com
822,interia.pl
823,thehill.com
824,fanpage.gr
825,oschina.net
826,instructables.com
827,disqus.com
828,makemytrip.com
829,kinoprofi.org
830,latimes.com
831,indianexpress.com
832,pchome.com.tw
833,y8.com
834,tomshardware.com
835,cdiscount.com
836,xtube.com
837,nbcnews.com
838,grammarly.com
839,elfagr.org
840,alsbbora.com
841,gazetaexpress.com
842,ieee.org
843,kizlarsoruyor.com
844,issuu.com
845,lifewire.com
846,el-nacional.com
847,hootsuite.com
848,fidelity.com
849,mangafox.me
850,58.com
851,theatlantic.com
852,blpmovies.com
853,zhanqi.tv
854,sporx.com
855,prnt.sc
856,donga.com
857,blogspot.jp
858,merriam-webster.com
859,piriform.com
860,jw.org
861,rbc.ru
862,lk21.me
863,banvenez.com
864,techradar.com
865,comicbook.com
866,deviantart.net
867,time.com
868,google.com.mm
869,cam4.com
870,bhphotovideo.com
871,cpmofferconvert.com
872,tebyan.net
873,lazada.com.ph
874,vetogate.com
875,justdial.com
876,rutube.ru
877,bookmyshow.com
878,gazeta.pl
879,farsnews.com
880,google.com.gt
881,gamingwonderland.com
882,eyny.com
883,sh.st
884,blog.me
885,nature.com
886,python.org
887,pirateproxy.cc
888,tamilrockers.lv
889,chouftv.ma
890,andhrajyothy.com
891,ukr.net
892,dict.cc
893,sapo.pt
894,cqnews.net
895,mashable.com
896,gongchang.com
897,myfitnesspal.com
898,asahi.com
899,blog.jp
900,olx.in
901,airtel.in
902,gazzetta.it
903,chron.com
904,codepen.io
905,admarketplace.net
906,primewire.ag
907,yaplakal.com
908,askubuntu.com
909,java.com
910,bhaskar.com
911,52pk.com
912,yjc.ir
913,idnes.cz
914,cbc.ca
915,sarkariresult.com
916,faithtap.com
917,delta.com
918,livescore.com
919,wykop.pl
920,yandex.com.tr
921,absoluteclickscom.com
922,allocine.fr
923,nhk.or.jp
924,epochtimes.com
925,allrecipes.com
926,mynavi.jp
928,gutefrage.net
929,almasryalyoum.com
930,turbobit.net
931,google.si
932,pof.com
933,teepr.com
934,sputniknews.com
935,ruten.com.tw
936,liveleak.com
937,sinoptik.ua
938,clipconverter.cc
939,inven.co.kr
940,usnews.com
941,bomb01.com
942,visualstudio.com
943,ticketmaster.com
944,qoolquiz.com
945,bankmellat.ir
946,suara.com
947,caixa.gov.br
948,nocookie.net
949,freejobalert.com
950,zomato.com
951,ampxchange.com
952,liveinternet.ru
953,strava.com
954,bintang.com
955,dream.co.id
956,wtoip.com
957,prpops.com
958,junbi-tracker.com
959,namu.wiki
960,thepennyhoarder.com
961,xbox.com
962,brazzers.com
963,lazada.com.my
964,wuxiaworld.com
965,elvenar.com
966,fromdoctopdf.com
967,google.tm
968,zoom.us
969,lun.com
970,11st.co.kr
971,dcinside.com
972,cbsnews.com
973,metropoles.com
974,nasa.gov
975,searchprivate.org
976,vidzi.tv
977,agoda.com
978,segmentfault.com
979,redfin.com
980,labanquepostale.fr
981,internetdownloadmanager.com
982,world.tmall.com
983,meb.gov.tr
984,ted.com
985,food.tmall.com
986,ea.com
987,alodokter.com
988,wired.com
990,perfectgirls.net
991,opensubtitles.org
992,livestrong.com
993,aljazeera.net
994,lazada.co.th
995,alwafd.org
996,dmv.org
997,apache.org
998,href.li
999,focus.de
1000,yandex.kz
1001,india.com
1002,dcard.tw
1003,wonderlandads.com
1004,welt.de
1005,artstation.com
1006,google.com.my
1007,harvard.edu
1008,vjav.com
1009,imagetwist.com
1010,avast.com
1011,stream-it.online
1012,videoyoum7.com
1013,google.com.af
1014,mileroticos.com
1015,adme.ru
1016,sugklonistiko.gr
1017,dribbble.com
1018,usaa.com
1019,onclickads.net
1020,huawei.com
1021,costco.com
1022,dawn.com
1023,bola.net
1024,incometaxindiaefiling.gov.in
1025,njoyapps.com
1026,dianping.com
1027,tilestwra.com
1028,eztv.ag
1029,united.com
1030,lequipe.fr
1031,namasha.com
1032,cookpad.com
1033,gmanetwork.com
1034,abcnews.go.com
1035,keepvid.com
1036,fwbntw.com
1037,internethaber.com
1038,abril.com.br
1039,polygon.com
1040,worldstarhiphop.com
1041,td.com
1042,biblegateway.com
1043,oneindia.com
1044,zapmeta.ws
1045,skysports.com
1046,pastebin.com
1047,n11.com
1048,thoughtco.com
1049,photobucket.com
1050,chess.com
1051,newstrend.news
1052,ablogica.com
1053,readms.net
1054,myanmarload.com
1055,ryanair.com
1056,ancestry.com
1057,smallpdf.com
1058,blogspot.tw
1059,tradeadexchange.com
1060,slate.com
1061,pcgamer.com
1062,cimaclub.com
1063,deezer.com
1064,hepsiburada.com
1065,news.com.au
1066,ero-advertising.com
1067,aa.com
1068,vidio.com
1069,zara.com
1070,narod.ru
1071,eroterest.net
1072,nmisr.com
1073,blockchain.info
1074,mathworks.com
1075,custhelp.com
1076,tmz.com
1077,searchalgo.com
1078,ebay.ca
1079,infobae.com
1080,internetspeedtracker.com
1081,ruliweb.com
1082,adbooth.com
1083,gap.com
1085,tomsguide.com
1086,trackingclick.net
1087,bs.to
1088,pcmag.com
1089,tellonym.de
1090,vesti.ru
1091,eporner.com
1092,nuvid.com
1093,gittigidiyor.com
1094,123rf.com
1095,cdninstagram.com
1096,curapelanatureza.com.br
1097,usbank.com
1098,rightmove.co.uk
1099,metro.co.uk
1100,otakukart.com
1101,mcafee.com
1102,pelisplus.tv
1103,mysearch.com
1104,adscpm.net
1105,impress.co.jp
1106,srchprivate.com
1107,uniqlo.com
1108,hindustantimes.com
1109,bettersearchtools.com
1110,kohls.com
1111,yodobashi.com
1112,dhgate.com
1113,sfgate.com
1114,twoo.com
1115,brassring.com
1116,knowyourmeme.com
1117,hbogo.com
1118,utorrent.com
1119,gog.com
1120,repelis.tv
1121,tnt-online.ru
1122,tim.it
1123,adturtle.biz
1124,sockshare.net
1125,tempo.co
1126,nairaland.com
1127,change.org
1128,b2b.cn
1129,jiameng.com
1130,pexels.com
1131,wayfair.com
1132,guancha.cn
1133,abc.net.au
1134,w3school.com.cn
1135,icy-veins.com
1136,v2ex.com
1137,indianrail.gov.in
1138,sina.com.tw
1139,ameba.jp
1140,thisav.com
1141,cbssports.com
1142,primevideo.com
1143,francetvinfo.fr
1144,starzplay.com
1145,tuko.co.ke
1146,so-net.ne.jp
1147,kinozal.tv
1148,doorblog.jp
1149,1tv.ru
1151,kknews.cc
1152,wargaming.net
1153,istockphoto.com
1154,joq.al
1155,edx.org
1156,royalbank.com
1157,dumedia.ru
1158,anitube.se
1159,ebay.es
1160,argaam.com
1161,protect-your-privacy.net
1162,creditkarma.com
1163,fishki.net
1164,tnaflix.com
1165,att.net
1166,mediaset.it
1167,zhaopin.com
1168,sfr.fr
1169,ppomppu.co.kr
1170,hh.ru
1171,icims.com
1172,debate.com.mx
1173,sankei.com
1174,nudevista.com
1175,vg.no
1176,wetter.com
1177,elsevier.com
1178,witchcraftcash.com
1179,miui.com
1180,alc.co.jp
1181,gumtree.com
1182,express.pk
1183,sky.com
1184,blogspot.de
1185,besoccer.com
1186,televisionfanatic.com
1187,milanuncios.com
1188,crhoy.com
1189,secure-surf.net
1190,auction.co.kr
1191,nate.com
1192,zougla.gr
1193,basecamp.com
1194,aastocks.com
1195,nationalgeographic.com
1196,zappos.com
1197,keke.gdn
1198,xing.com
1199,nulltheme.net
1200,brightside.me
1201,ifeng.com
1202,fmovies.to
1203,pole-emploi.fr
1204,elevenia.co.id
1205,clien.net
1206,wenxuecity.com
1207,togetter.com
1208,codecanyon.net
1209,akamaihd.net
1210,mawdoo3.com
1211,clixsense.com
1212,kongregate.com
1213,nextdoor.com
1214,uniqlo.tmall.com
1215,shopclues.com
1216,idntimes.com
1217,ficbook.net
1218,skyscanner.net
1219,todayhumor.co.kr
1220,spanishdict.com
1221,hollywoodreporter.com
1222,chosun.com
1223,fotostrana.ru
1224,ouo.press
1225,gstatic.com
1226,popclck.com
1227,marketwatch.com
1228,people.com
1229,yespornplease.com
1230,1fichier.com
1231,xunlei.com
1232,mynet.com
1233,socialblade.com
1234,axisbank.co.in
1235,mejortorrent.com
1236,google.com.pr
1237,emailaccessonline.com
1238,fb.ru
1239,novinky.cz
1240,nextlnk14.com
1241,deadspin.com
1242,bab.la
1243,yeniakit.com.tr
1244,wowkeren.com
1245,ebates.com
1246,3sk.tv
1247,efukt.com
1248,echo.msk.ru
1249,kp.ru
1250,tabnak.ir
1251,usenet.nl
1252,oasgames.com
1253,furaffinity.net
1254,worldoftanks.ru
1255,banesconline.com
1256,tripadvisor.co.uk
1257,amaporn.com
1258,paytm.in
1259,npmjs.com
1260,makeuseof.com
1261,google.lv
1262,imagebam.com
1263,vox.com
1264,altervista.org
1265,nydailynews.com
1266,blogspot.com.eg
1267,zryydi.com
1268,time2play-online.net
1269,login.tmall.com
1270,doodle.com
1271,digitalprivacyalert.org
1272,gazeta.ru
1273,constantcontact.com
1274,teamviewer.com
1275,nhl.com
1276,toutiao.com
1277,terrambmsads.com
1278,cloudflare.com
1279,retailmenot.com
1280,filmweb.pl
1281,weather.gov
1282,wikiwand.com
1283,plex.tv
1284,americanas.com.br
1285,libertywriters.com
1286,lightinthebox.com
1287,movie2free.com
1288,ly.com
1289,mangareader.net
1290,poste.it
1291,thehindu.com
1292,gosuslugi.ru
1293,flaticon.com
1294,getbootstrap.com
1295,cinecalidad.to
1296,tnctrx.com
1297,nextmedia.com
1298,mobafire.com
1299,tandfonline.com
1300,bittrex.com
1301,xiaomi.com
1302,qualtrics.com
1303,gumtree.com.au
1304,codecademy.com
1305,storm.mg
1306,reclameaqui.com.br
1307,bahn.de
1308,ajel.sa
1309,kalerkantho.com
1310,t-mobile.com
1311,moviecarpet.com
1312,sanjesh.org
1313,gotomeeting.com
1314,kdnet.net
1315,apartmenttherapy.com
1316,iflscience.com
1317,online-convert.com
1318,last.fm
1319,youku.com
1320,4399.com
1321,championat.com
1322,readthedocs.io
1323,6park.com
1324,berkeley.edu
1325,mercari.com
1326,xuite.net
1327,herokuapp.com
1328,thegay.com
1329,startpage.com
1330,immobilienscout24.de
1331,imagefap.com
1332,indiamart.com
1333,yesmovies.to
1334,gofundme.com
1335,lynda.com
1336,verizon.com
1337,smartadtags.com
1338,panet.co.il
1339,voluumtrk.com
1340,wiocha.pl
1341,limetorrents.cc
1342,ekantipur.com
1343,ssl-images-amazon.com
1344,hitomi.la
1345,nsdl.com
1346,queryrouter.com
1347,ppy.sh
1348,news18.com
1349,avito.ma
1350,tubepornclassic.com
1351,brand.tmall.com
1352,backlog.jp
1353,yalla-shoot.com
1354,renren.com
1355,quikr.com
1356,metacritic.com
1357,avclub.com
1358,orf.at
1359,heise.de
1360,rutor.info
1361,movieweb.com
1362,postbank.de
1363,arstechnica.com
1364,talk.tw
1365,freelancer.com
1366,rozetka.com.ua
1367,xxf65z4o6a.club
1368,fandango.com
1369,jb51.net
1370,extratorrent.ag
1371,v1.cn
1372,cracked.com
1373,telegram.me
1374,epwk.com
1375,mirtesen.ru
1376,audible.com
1377,impots.gouv.fr
1379,atlassian.com
1380,priceline.com
1381,eenadu.net
1382,firefoxchina.cn
1383,worldofwarcraft.com
1384,ilfattoquotidiano.it
1385,billboard.com
1386,nvidia.com
1387,elwatannews.com
1388,arxiv.org
1389,daraz.pk
1390,jqw.com
1391,20minutes.fr
1392,irs.gov
1393,jumia.com.ng
1394,himado.in
1395,google.com.cu
1396,stumbleupon.com
1397,dw.com
1398,netteller.com
1399,ycombinator.com
1400,abc.es
1402,ivi.ru
1403,meteofrance.com
1404,pornhublive.com
1405,elmogaz.com
1406,ed.gov
1407,healthline.com
1408,biglobe.ne.jp
1409,yr.no
1410,clarin.com
1411,chegg.com
1412,houzz.com
1413,ashemaletube.com
1414,envato.com
1415,tasnimnews.com
1416,habrahabr.ru
1417,aksam.com.tr
1418,aarth.com
1419,bustle.com
1420,scol.com.cn
1421,emp3s.co
1422,codeproject.com
1423,emuparadise.me
1424,mysuperapps.online
1425,digitalocean.com
1426,admaimai.com
1427,yifysubtitles.com
1428,lostfilm.tv
1429,hostgator.com
1430,asdfz.pro
1431,privatbank.ua
1432,nyaa.si
1433,kompasiana.com
1434,syosetu.com
1435,smugmug.com
1436,entrepreneur.com
1437,bringmesports.com
1438,pitchfork.com
1439,psu.edu
1440,torrent9.biz
1441,tagged.com
1442,eset.com
1443,dagospia.com
1444,editor.wix.com
1445,myntra.com
1446,bigcinema.to
1447,studfiles.ru
1448,redirect2719.ws
1449,userscloud.com
1450,kizi.com
1451,bastillepost.com
1452,bol.uol.com.br
1453,thumbzilla.com
1454,teamliquid.net
1455,leo.org
1456,51cto.com
1457,credit-agricole.fr
1458,myegy.tv
1459,forgeofempires.com
1460,urbanoutfitters.com
1461,ucoz.ru
1462,360doc.com
1463,hltv.org
1464,freebitco.in
1465,marriott.com
1466,zf.fm
1467,finn.no
1468,google.ba
1469,macrumors.com
1470,otto.de
1471,gismeteo.ua
1472,backpage.com
1473,adidas.tmall.com
1474,forever21.com
1475,dreamstime.com
1476,rp5.ru
1477,sciencealert.com
1478,rollingstone.com
1479,teletica.com
1480,cb01.uno
1481,pixlr.com
1482,overstock.com
1483,abola.pt
1484,lanacion.com.ar
1485,christian-dogma.com
1486,indiegogo.com
1487,service.gov.uk
1488,index.hu
1489,neiyi.tmall.com
1490,gamestop.com
1491,thedailybeast.com
1492,cyro.se
1493,gfpornbox.com
1494,airasia.com
1495,24h.com.vn
1496,pnc.com
1497,ozon.ru
1498,isna.ir
1499,pussysaga.com
1500,elconfidencial.com
1501,semrush.com
1502,flashscore.com
1503,flightsearchapp.com
1504,wondershare.com
1505,sozcu.com.tr
1506,withgoogle.com
1507,olx.co.id
1508,coursehero.com
1509,gameforge.com
1510,gleam.io
1511,aimer.tmall.com
1512,mts.ru
1513,24video.tube
1514,thingiverse.com
1515,sindonews.com
1516,mayoclinic.org
1517,service-now.com
1518,theweathernetwork.com
1519,minecraft.net
1520,xkcd.com
1521,digitaltrends.com
1522,triumph.tmall.com
1523,20minutos.es
1524,greatandhra.com
1525,zol.com.cn
1526,inspsearch.com
1527,alargery.com
1528,google.com.bd
1529,filmix.me
1530,yandex.by
1531,octopuspop.com
1532,gnula.nu
1533,light-dark.net
1534,jetbrains.com
1535,irecommend.ru
1536,programme-tv.net
1537,rockstargames.com
1538,invisionapp.com
1539,monster.com
1540,mufg.jp
1541,malwarebytes.com
1542,mail.com
1543,miniclip.com
1544,sanook.com
1545,zeit.de
1546,jsfiddle.net
1547,clickfunnels.com
1548,farfetch.com
1549,firstpost.com
1550,ov2ochu.bid
1551,garmin.com
1552,rus.ec
1553,ranker.com
1554,canalrcn.com
1555,crabsecret.tmall.com
1556,3c.tmall.com
1557,ft.com
1558,excite.co.jp
1559,xoclkrvstrafms.com
1560,vseigru.net
1561,pinterest.de
1562,yemek.com
1563,telekom.com
1564,internetportalne.ws
1565,fanserials.tv
1566,linternaute.com
1567,dhl.de
1568,ozee.com
1569,poptm.com
1570,answers.com
1571,indoxxi.online
1572,feger.tmall.com
1573,yao.tmall.com
1574,multitran.ru
1575,bola.com
1576,aftonbladet.se
1577,unam.mx
1578,yallakora.com
1579,arcot.com
1580,neogaf.com
1581,cmoney.tw
1582,9anime.to
1583,google.com.gh
1584,maybank2u.com.my
1585,jalopnik.com
1586,businessweekly.com.tw
1587,commbank.com.au
1588,leadzupc.com
1589,techtudo.com.br
1590,playground.ru
1591,zytpirwai.net
1592,wildberries.ru
1593,myhome.tmall.com
1594,topix.com
1595,rei.com
1596,fastpic.ru
1597,ubuntu.com
1598,vanguardngr.com
1599,bluehost.com
1600,autotrader.com
1601,bayt.com
1602,virgilio.it
1603,jquery.com
1604,afreecatv.com
1605,correios.com.br
1606,insistpost.com
1607,google.com.sv
1608,newyorker.com
1609,geocities.jp
1610,informer.com
1611,telegraf.com.ua
1612,depositphotos.com
1613,lg.com
1614,bzw315.com
1615,lloydsbank.co.uk
1616,caixabank.es
1617,shareasale.com
1618,gorillavid.in
1619,nifty.com
1620,littlethings.com
1621,yourporn.sexy
1622,letras.mus.br
1623,kuronekoyamato.co.jp
1624,sdamgia.ru
1625,dhl.com
1626,grab.com
1627,jobrapido.com
1628,taimienphi.vn
1629,tvn24.pl
1630,dl-protecte.com
1631,cima4u.tv
1632,ssc.nic.in
1633,rappler.com
1634,tinyz.us
1635,cda.pl
1636,google.cm
1637,gebadu.com
1638,hsbc.co.uk
1639,tutsplus.com
1640,spankwire.com
1641,drugs.com
1642,concursolutions.com
1643,clevernt.com
1644,kapook.com
1645,adk2x.com
1646,cnnindonesia.com
1647,lolesports.com
1648,foodnetwork.com
1649,engageya.com
1650,trustpilot.com
1651,exblog.jp
1652,sports.ru
1653,ilbe.com
1654,academic.ru
1655,alarabiya.net
1656,mangahere.co
1657,githubusercontent.com
1658,zerohedge.com
1659,sephora.com
1660,blogspot.com.tr
1661,vmware.com
1662,blog.ir
1663,walgreens.com
1664,i.ua
1665,futhead.com
1666,marumaru.in
1667,qiwi.com
1668,watsons.tmall.com
1669,lavanguardia.com
1670,unblocked.cam
1671,serverfault.com
1672,babycenter.com
1673,aljazeera.com
1674,funnyjunk.com
1675,ew.com
1676,p30download.com
1677,moz.com
1678,ucla.edu
1679,btolat.com
1680,filmfanatic.com
1681,t411.al
1682,dotabuff.com
1683,sarvgyan.com
1684,superdoctopdf.com
1685,easypdfcombine.com
1686,study.com
1687,pbs.org
1688,asriran.com
1689,thethao247.vn
1690,rakuten-card.co.jp
1691,lagaceta.com.ar
1692,ad2load.net
1693,monografias.com
1694,onlinekhabar.com
1695,khabaronline.ir
1696,kakao.com
1697,leparisien.fr
1698,bt.com
1699,t.me
1700,zozo.jp
1701,donanimhaber.com
1702,techtarget.com
1703,bbb.org
1704,gotowebinar.com
1705,google.com.lb
1706,ozipcompression.com
1707,caffeinamagazine.it
1708,1111.com.tw
1709,allkpop.com
1710,clips4sale.com
1711,idealo.de
1712,nintendo.com
1713,extratorrent.cc
1714,17track.net
1715,sankakucomplex.com
1716,hotnewhiphop.com
1717,dji.com
1718,dmm.com
1719,laposte.fr
1720,square-enix.com
1721,sitepoint.com
1722,yomiuri.co.jp
1723,oceanofgames.com
1724,mbank.pl
1725,prom.ua
1726,pelispedia.tv
1727,linguee.fr
1728,pornmd.com
1729,hexun.com
1730,vidto.me
1731,iciba.com
1732,variety.com
1733,viid.me
1734,softpedia.com
1735,amazon.com.mx
1736,plurk.com
1737,cbseresults.nic.in
1738,fontawesome.io
1739,passinst.com
1740,life.ru
1741,woot.com
1742,iherb.com
1743,nnmclub.to
1744,tradingview.com
1745,chinatimes.com
1746,ssconline.nic.in
1747,over-blog.com
1748,gemius.pl
1749,googleapis.com
1750,nexon.com
1751,webtoons.com
1752,windows.com
1753,nation.co.ke
1754,patheos.com
1755,bancodevenezuela.com
1756,tradedoubler.com
1757,pochta.ru
1758,musica.com
1759,staticflickr.com
1760,mangastream.com
1761,animeyt.tv
1762,voyages-sncf.com
1763,pixhost.org
1764,thevintagenews.com
1765,file-upload.com
1766,fivethirtyeight.com
1767,similarweb.com
1768,google.jo
1769,pornpics.com
1770,swagbucks.com
1771,gidonline.club
1772,pcgamer.site
1773,pcpartpicker.com
1774,folha.uol.com.br
1775,fullhdfilmizlesene.org
1776,bmi.ir
1777,match.com
1778,skroutz.gr
1779,jkanime.net
1780,01net.com
1781,udacity.com
1782,schwab.com
1783,hateblo.jp
1784,habx.gdn
1785,mangvieclam.com
1786,torrentdownloads.me
1787,deref-gmx.net
1788,nouvelobs.com
1789,kinox.to
1790,books.com.tw
1791,ibtimes.co.uk
1792,vip.tmall.com
1793,globaltimes.cn
1794,otomoto.pl
1795,blogspot.ru
1796,eonline.com
1797,cic.gc.ca
1798,shahid4u.com
1799,crunchbase.com
1800,sunfrog.com
1801,baixaki.com.br
1802,eltrack.pro
1803,radiorage.com
1804,500px.com
1805,pcworld.com
1806,androidcentral.com
1807,2kmtcentral.com
1808,n282adserv.com
1809,yandex.com
1810,indimusic.tv
1811,docusign.net
1812,tc-clicks.com
1813,51.la
1814,tunein.com
1815,mysql.com
1816,redbubble.com
1817,pornolab.net
1818,jstor.org
1819,gigazine.net
1820,jcpenney.com
1821,nfl.com
1822,abc.go.com
1823,reverb.com
1824,kshowonline.com
1825,taoche.com
1826,lds.org
1827,sonyentertainmentnetwork.com
1828,caf.fr
1829,fetlife.com
1830,torrentkim10.net
1831,aweber.com
1832,126.com
1833,jizzbunker.com
1834,astrologyanswers.com
1835,otvfoco.com.br
1836,dlsite.com
1837,kenh14.vn
1838,puu.sh
1839,traffic-media.co
1840,readmanga.me
1841,everydayhealth.com.tw
1842,ma-sh.info
1843,alexa.com
1844,awesomeforyou.club
1845,sportzwiki.com
1846,washington.edu
1847,misr5.com
1848,unicredit.it
1849,kinja.com
1850,exdynsrv.com
1851,blogimg.jp
1852,happyon.jp
1853,akairan.com
1854,123moviesfree.com
1855,otzovik.com
1856,unsplash.com
1857,lacaixa.es
1858,seekingalpha.com
1859,smi2.ru
1860,minuto30.com
1861,digginst.com
1862,ynet.co.il
1863,loansmonitor.com
1864,moi.gov.sa
1865,3-sk.tv
1866,hilton.com
1867,lotterypost.com
1868,mundodeportivo.com
1869,dumpert.nl
1870,sap.com
1871,qz.com
1872,iobit.com
1873,xiami.com
1874,danawa.com
1875,fnac.com
1876,faz.net
1877,bc.vc
1878,onesignal.com
1879,1und1.de
1880,economist.com
1881,opera.com
1882,dpreview.com
1883,sport.es
1884,standardmedia.co.ke
1885,bamilo.com
1886,feebee.com.tw
1887,inc.com
1888,whitepages.com
1889,adidas.com
1890,ansa.it
1891,akoam.com
1892,yourdictionary.com
1893,hearthpwn.com
1894,newsnow.co.uk
1895,fitbit.com
1896,windows.net
1897,blibli.com
1898,brazzersnetwork.com
1899,geeksforgeeks.org
1900,fulltab.com
1901,staples.com
1902,barstoolsports.com
1903,voot.com
1904,bedbathandbeyond.com
1905,elbotola.com
1906,sears.com
1907,ibtimes.com
1908,deutsche-bank.de
1909,popsugar.com
1910,pompetegain.com
1911,runoob.com
1912,local-finders.com
1913,xhamsterlive.com
1914,republika.co.id
1915,adsjudo.com
1916,timeout.com
1917,sketchup.com
1918,sp.gov.br
1919,4cdn.org
1920,google.com.kh
1921,avira.com
1922,curse.com
1923,apple-panda.com
1924,mmo-champion.com
1925,indeed.co.in
1926,thomann.de
1927,hapc.gdn
1928,ldblog.jp
1929,ghanaweb.com
1930,bolshoyvopros.ru
1931,rajasthan.gov.in
1932,google.ee
1933,cool3c.com
1934,google.com.uy
1935,pussl3.com
1936,techbang.com
1937,buffer.com
1938,stripe.com
1939,oxforddictionaries.com
1940,xxlargepop.com
1941,planetromeo.com
1942,tsite.jp
1943,foursquare.com
1944,cocolog-nifty.com
1945,geniusdisplay.com
1946,flightradar24.com
1947,baimao.com
1948,heavy-r.com
1949,systembooster.live
1950,bsnl.in
1951,tut.by
1952,hotpepper.jp
1953,tagesschau.de
1954,korabia.com
1955,archiveofourown.org
1956,oup.com
1957,haberler.com
1958,4tube.com
1959,viki.com
1960,ana.co.jp
1961,ucsd.edu
1962,read01.com
1963,ceneo.pl
1964,nbcsports.com
1965,dominos.com
1966,iwank.tv
1967,vq40567.com
1968,medscape.com
1969,umich.edu
1970,torrent9.top
1971,mmmoffice.com
1972,piliapp.com
1973,axisbank.com
1974,provinet.net
1975,hsbc.com.hk
1976,mega.co.nz
1977,playoverwatch.com
1978,myworkday.com
1979,forocoches.com
1980,cornell.edu
1981,proxyspotting.in
1982,fiuxy.co
1983,apkpure.com
1984,purdue.edu
1985,wikibooks.org
1986,pornhd.com
1987,bitcointalk.org
1988,smh.com.au
1989,jezebel.com
1990,mydala.com
1991,msnbc.com
1992,laprensagrafica.com
1993,futbin.com
1994,kbb.com
1995,2tcafe.com
1996,actcorp.in
1997,wasabisyrup.com
1998,barnesandnoble.com
1999,blogspot.kr
2000,rg.ru
2001,b9dm.com
2002,rakuten.ne.jp
2003,mywatchseries.ac
2004,tarafdari.com
2005,pscp.tv
2006,porntube.com
2007,filmywap.com
2008,bb.com.br
2009,complex.com
2010,deref-web-02.de
2011,nikkansports.com
2012,dealwifi.com
2013,healthylives.tw
2014,screenrant.com
2015,cbslocal.com
2016,pathofexile.com
2017,nipic.com
2018,moviescounter.com
2019,safefinder.com
2020,livedoor.biz
2021,jawabkom.com
2022,toyokeizai.net
2023,ibt.com
2024,citibank.co.in
2025,hihi2.com
2026,bestadbid.com
2027,sun-gazing.com
2028,blogspot.pe
2029,sbnation.com
2030,geeker.com
2031,imgrum.org
2032,clubic.com
2033,noaa.gov
2034,panda.tv
2035,douga-getter.com
2036,cargurus.com
2037,tvtropes.org
2038,elcomercio.com
2039,skidrowreloaded.com
2040,hdfilmizle.life
2041,nrk.no
2042,mihanblog.com
2043,porndoe.com
2044,gettyimages.com
2045,winningdealz.com
2046,getbonus.info
2047,kraken.com
2048,spiceworks.com
2049,1fardadownload.net
2050,pcadvisor.co.uk
2051,payu.in
2052,bfmtv.com
2053,cdstm.cn
2054,zcool.com.cn
2055,tvguide.com
2056,vagalume.com.br
2057,mixi.jp
2058,informationvine.com
2059,payoneer.com
2060,feng.com
2061,tripadvisor.it
2062,elle.com.tw
2063,hotukdeals.com
2064,bravotube.net
2065,victoriassecret.com
2066,picmonkey.com
2067,duba.com
2068,scotiabank.com
2069,argos.co.uk
2070,un.org
2071,freshdesk.com
2072,wetteronline.de
2073,gnavi.co.jp
2074,elespanol.com
2075,dolartoday.com
2076,fazenda.gov.br
2077,easyjet.com
2078,mehrnews.com
2079,sosodesktop.com
2080,warhistoryonline.com
2081,etorrent.co.kr
2082,coindesk.com
2083,advertserve.com
2084,filmibeat.com
2085,3sn.xyz
2086,putlocker.ac
2087,boc.cn
2088,nitroflare.com
2089,passportindia.gov.in
2090,baskino.co
2091,cloudwaysfront.com
2092,thespruce.com
2093,fast-torrent.ru
2094,jagran.com
2095,kissmanga.com
2096,digg.com
2097,quizzstar.com
2098,ubi.com
2099,pagesjaunes.fr
2100,turbo.az
2101,6pm.com
2102,lastampa.it
2103,kshow123.net
2104,who.int
2105,gamersky.com
2106,mycouchtuner.ag
2107,ascii.jp
2108,ilovepdf.com
2109,coco01.net
2110,idealista.com
2111,woman.ru
2112,psychologytoday.com
2113,blocket.se
2114,abplive.in
2115,esuteru.com
2116,southcn.com
2117,admobitruck.com
2118,mydrivers.com
2119,cdc.gov
2120,ssl4anyone5.com
2121,lindaikejisblog.com
2122,eluniverso.com
2123,google.com.bh
2124,olx.ro
2125,tuicool.com
2126,indexmovie.me
2127,sbisec.co.jp
2128,angel.co
2129,infourok.ru
2130,phimmoi.net
2131,stubhub.com
2132,namecheap.com
2133,javfor.me
2134,umeng.com
2135,apartments.com
2136,tipico.de
2137,3dmgame.com
2138,thefappeningblog.com
2139,makeleio.gr
2140,hatenablog.jp
2141,vente-privee.com
2142,doramatv.ru
2143,2gis.ru
2144,prensalibre.com
2145,thrillist.com
2146,rt.ru
2147,alfalfalfa.com
2148,ecollege.com
2149,filmitorrent.org
2150,shahrekhabar.com
2151,sueddeutsche.de
2152,adultfriendfinder.com
2153,willhaben.at
2154,indoxxi.net
2155,kumparan.com
2156,zipbogo.net
2157,logitech.com
2158,synchronycredit.com
2159,rfi.fr
2160,careers360.com
2161,advertiserurl.com
2162,wikispaces.com
2163,craigslist.ca
2164,mgid.com
2165,khmerload.com
2166,zopim.com
2167,wunderlist.com
2168,refinery29.com
2169,avgle.com
2170,mamba.ru
2171,mypornoonlain.tv
2172,blizzard.com
2173,here.com
2174,zezoomglobal.com
2175,huffingtonpost.fr
2176,xmovies8.ru
2177,innfrad.com
2178,manyvids.com
2179,marktplaats.nl
2180,derb.gdn
2181,cbs.com
2182,canlitv.stream
2183,nexusmods.com
2184,androidauthority.com
2185,santander.co.uk
2186,edmodo.com
2187,linguee.de
2188,heavy.com
2189,britannica.com
2190,sbrf.ru
2191,klikbca.com
2192,empflix.com
2193,diariodelweb.it
2194,wisc.edu
2195,myvidster.com
2196,sprint.com
2197,onliner.by
2198,islamweb.net
2199,truecaller.com
2200,veporn.net
2201,alohatube.com
2202,vidup.me
2203,weatherblink.com
2204,gayboystube.com
2205,brainyquote.com
2206,all-free-download.com
2207,mapquest.com
2208,computerbild.de
2209,si.com
2210,mobileofferplace.site
2211,mercadolibre.com
2212,lichess.org
2213,libgen.io
2214,pch.com
2215,amd.com
2216,mofosex.com
2217,css-tricks.com
2218,interpark.com
2219,hypebeast.com
2220,pantsu.cat
2221,office.net
2222,pokerstars.com
2223,express.com.pk
2224,torrents.me
2225,mightytext.net
2226,wolframalpha.com
2227,serviporno.com
2228,theporndude.com
2229,animevost.org
2230,ny.gov
2231,tecmundo.com.br
2232,privat24.ua
2233,iheart.com
2234,sagepub.com
2235,emirates.com
2236,90min.com
2237,mercadolibre.com.co
2238,tripadvisor.in
2239,itv.com
2240,filmaffinity.com
2241,sabay.com.kh
2242,ifixit.com
2243,colourpop.com
2244,dek-d.com
2245,meduza.io
2246,hitc.com
2247,boardgamegeek.com
2248,gfvideohub.com
2249,cmovieshd.com
2250,pagalworld.me
2251,ilmeteo.it
2252,t66y.com
2253,itau.com.br
2254,consultant.ru
2255,globalsources.com
2256,ria.com
2257,raiplay.it
2258,chaskatimes.com
2259,google.com.np
2260,thepiratebay-proxylist.org
2261,pretty52.com
2262,sexix.net
2263,punchng.com
2264,videolan.org
2265,cars.com
2266,kaspersky.com
2267,moddb.com
2268,umn.edu
2269,mos.ru
2270,pixiv.net
2271,newsweek.com
2272,todoist.com
2273,epfindia.gov.in
2274,cc.com
2275,shopee.tw
2276,pipeschannels.com
2277,infoseek.co.jp
2278,kukudas.com
2279,ebscohost.com
2280,vanguard.com
2281,jjwxc.net
2282,sat.gob.mx
2283,newtabtvsearch.com
2284,opensooq.com
2285,sendspace.com
2286,viralcpm.com
2287,legacy.com
2288,paheal.net
2289,utarget.ru
2290,tamin.ir
2291,fullhdfilmizledim.org
2292,dummies.com
2293,turkiye.gov.tr
2294,zamunda.net
2295,591.com.tw
2296,fmovies.io
2297,alphacoders.com
2298,ggpht.com
2299,camwhores.tv
2300,food.com
2301,encuentra24.com
2302,indeed.co.uk
2303,beinsports.com
2304,dikaiologitika.gr
2305,fortune.com
2306,ap.gov.in
2307,kerala.gov.in
2308,javlibrary.com
2309,shadbase.com
2310,lonelyplanet.com
2311,pureadexchange.com
2312,rikunabi.com
2313,haberturk.com
2314,horriblesubs.info
2315,juksy.com
2316,gfarchive.com
2317,moneyforward.com
2318,bloganchoi.com
2319,cybozu.com
2320,bolavip.com
2321,1and1.com
2322,blogspot.com.co
2323,fnb.co.za
2324,anidub.com
2325,chicagotribune.com
2326,mp3teca.com
2327,turnitin.com
2328,jalan.net
2329,filelist.ro
2330,mainichi.jp
2331,made-in-china.com
2332,le360.ma
2333,binomo.com
2334,creativemarket.com
2335,literotica.com
2336,zulily.com
2337,columbia.edu
2338,mymovies.it
2339,adplxmd.com
2340,ainder.club
2341,pron.tv
2342,fmovies.is
2343,36kr.com
2344,du.ac.in
2345,myasiantv.se
2346,gemius.com
2347,eroprofile.com
2348,wyborcza.pl
2349,icook.tw
2350,reference.com
2351,bestgfvideos.com
2352,1varzesh.com
2353,zoomit.ir
2354,mashreghnews.ir
2355,picofile.com
2356,soft98.ir
2357,incruit.com
2358,hdrezka.me
2359,sbicard.com
2360,alwakeelnews.com
2361,gumtree.pl
2362,divxtotal.com
2363,dagbladet.no
2364,rbcroyalbank.com
2365,google.tt
2366,abema.tv
2367,zdf.de
2368,alquds.co.uk
2369,foxsports.com
2370,typeform.com
2371,2ch-c.net
2372,bitmedianetwork.com
2373,ucdavis.edu
2374,17173.com
2375,slimcdn.com
2376,bestperforming.site
2377,yellowpages.com
2378,britishcouncil.org
2379,linguee.com
2380,joemonster.org
2381,mindbodyonline.com
2382,realestate.com.au
2383,qcloud.com
2384,atmarkit.co.jp
2385,trustedreviews.com
2386,masr140.com
2387,lifehacker.ru
2388,static1.squarespace.com
2389,fextralife.com
2390,cnbeta.com
2391,thechive.com
2392,xero.com
2393,sheypoor.com
2394,zedo.com
2395,azet.sk
2396,history.com
2397,qyer.com
2398,maplestage.com
2399,larousse.fr
2400,docusign.com
2401,mydealz.de
2402,fancywap.com
2403,tokyo.jp
2404,tfile.cc
2405,farfesh.com
2406,respecials.com
2407,jcrew.com
2408,indiaresults.com
2409,moviegoat.com
2410,focuusing.com
2411,minecraftforum.net
2412,thoughtcatalog.com
2413,nutaku.net
2414,eol.cn
2415,iptorrents.com
2416,hk01.com
2417,persianblog.ir
2418,mangapanda.com
2419,servedbytrackingdesk.com
2420,theknot.com
2421,bartarinha.ir
2422,ahlmisrnews.com
2423,vulture.com
2424,bpohfs.com
2425,sopitas.com
2426,tenki.jp
2427,autotrader.co.uk
2428,yonhapnews.co.kr
2429,arabi21.com
2430,ccidnet.com
2431,gumtree.co.za
2432,mk.ru
2433,goibibo.com
2434,beingindian.com
2435,javatpoint.com
2436,metrolyrics.com
2437,rtve.es
2438,sznews.com
2439,howstuffworks.com
2440,google.ge
2441,lcl.fr
2442,aruba.it
2443,daikuan.com
2444,newmovie-hd.com
2445,olx.kz
2446,dm5.com
2447,vrbo.com
2448,cvs.com
2449,omegle.com
2450,warning.or.kr
2451,kwejk.pl
2452,kitco.com
2453,diarioinenglish.com
2454,buzzonclick.com
2455,nymag.com
2456,inboxace.com
2457,cosmopolitan.com
2458,myworkdayjobs.com
2459,wetter.de
2460,metric-conversions.org
2461,mvideo.ru
2462,olymptrade-promo.com
2463,wn.com
2464,itslearning.com
2465,gitlab.com
2466,commerzbank.de
2467,wwe.com
2468,agar.io
2469,priceminister.com
2470,cyol.com
2471,shutterfly.com
2472,evite.com
2473,jet.com
2474,hjenglish.com
2475,eluniversal.com.mx
2476,2chan.net
2477,ilsole24ore.com
2478,n-tv.de
2479,4gamer.net
2480,pons.com
2481,megafon.ru
2482,duden.de
2483,about.com
2484,r18.com
2485,rolandgarros.com
2486,csfd.cz
2487,mediamarkt.de
2488,calch.gdn
2489,alluc.ee
2490,vogue.com.tw
2491,igg-games.com
2492,fanatik.com.tr
2493,dramafever.com
2494,vistaprint.com
2495,firefox.com
2496,putrr3.com
2497,icolor.com.cn
2498,hln.be
2499,secondlife.com
2500,uscis.gov
2501,tiscali.it
2502,zooqle.com
2503,bulbagarden.net
2504,bd24live.com
2505,adobelogin.com
2506,chefkoch.de
2507,kicker.de
2508,allinonedocs.com
2509,fool.com
2510,archive.is
2511,tribune.com.pk
2512,gizmodo.jp
2513,opentable.com
2514,biqle.ru
2515,hqporner.com
2516,downloadastro.com
2517,funsafetab.com
2518,elblog.com
2519,inoreader.com
2520,content.tmall.com
2521,news24.com
2522,thomsonreuters.com
2523,jin115.com
2524,tesco.com
2525,users.wix.com
2526,societegenerale.fr
2527,wnd.com
2528,tap.az
2529,share-videos.se
2530,jagranjosh.com
2531,sky.it
2532,spectrum.net
2533,olx.com.pk
2534,hujiang.com
2535,openclassrooms.com
2536,soccerway.com
2537,anjuke.com
2538,successfactors.com
2539,autoscout24.de
2540,riotgames.com
2541,cryptocompare.com
2542,nyu.edu
2543,ubisoft.com
2544,viber.com
2545,anysex.com
2546,gaana.com
2547,faptitans.com
2548,bol.com
2549,arduino.cc
2550,searchlock.com
2551,brightonclick.com
2552,emojipedia.org
2553,shein.com
2554,streamcomplet.com
2555,vid.me
2556,watchcartoonsonline.eu
2557,notehomepage.com
2558,qatarairways.com
2559,biblehub.com
2560,to8to.com
2561,super.cz
2562,nextlnk7.com
2563,wowkorea.jp
2564,sporcle.com
2565,snopes.com
2566,disney.go.com
2567,hbonow.com
2568,dytt8.net
2569,rakuten-bank.co.jp
2570,sunnyplayer.com
2571,emag.ro
2572,dream11.com
2573,gamme.com.tw
2574,erq.io
2575,blogsky.com
2576,searchdconvertnow.com
2577,thepicta.com
2578,indiapost.gov.in
2579,kar.nic.in
2580,utexas.edu
2581,ecxtracking.com
2582,focus.cn
2583,tumangaonline.com
2584,tf1.fr
2585,pubted.com
2586,labirint.ru
2587,hirufm.lk
2588,dangdang.com
2589,fedsit.com
2590,freeones.com
2591,vppgamingnetwork.com
2592,planetsuzy.org
2593,heydouga.com
2594,medlineplus.gov
2595,provincial.com
2596,sme.sk
2597,zhibo8.cc
2598,mec.gov.br
2599,aptitudemedia.co
2600,fifa.com
2601,eobot.com
2602,blackdoctor.org
2603,torrentfreak.com
2604,celebjihad.com
2605,zaful.com
2606,eldiario.es
2607,alimama.com
2608,eldorado.ru
2609,shine.com
2610,elitetorrent.net
2611,alnaharegypt.com
2612,statcounter.com
2613,getintopc.com
2614,znanija.com
2615,agenziaentrate.gov.it
2616,dantri.com.vn
2617,noticias.uol.com.br
2618,sakshi.com
2619,accenture.com
2620,videohive.net
2621,vix.com
2622,nsw.edu.au
2623,newgrounds.com
2624,index.hr
2625,imgbox.com
2626,tamilyogi.fm
2627,jmw.com.cn
2628,protothema.gr
2629,siviewer.com
2630,ontvtime.ru
2631,hdfilmakinasi.com
2632,coupons.com
2633,directv.com
2634,khmer-note.com
2635,bet-at-home.com
2636,javarchive.com
2637,onelogin.com
2638,boursorama.com
2639,slither.io
2640,elcomercio.pe
2641,ntv.ru
2642,yoox.com
2643,vemale.com
2644,solidfiles.com
2645,acfun.cn
2646,jma.go.jp
2647,avnori.com
2648,tukif.com
2649,vmall.com
2650,illinois.edu
2651,abv.bg
2652,koreastardaily.com
2653,quebec-bin.com
2654,ig.com.br
2655,google.com.py
2656,badtameezdil.net
2657,google.lu
2658,softbank.jp
2659,uc.cn
2660,bbva.es
2661,ibtimes.co.in
2662,yammer.com
2663,ntdtv.com
2664,elintransigente.com
2665,dickssportinggoods.com
2666,polyvore.com
2667,dizipub.com
2668,samsclub.com
2669,kino-teatr.ru
2670,rzd.ru
2671,barclaycardus.com
2672,cplusplus.com
2673,tabmemfree.appspot.com
2674,la-roza.com
2675,ulmart.ru
2676,tankionline.com
2677,googlegroups.com
2678,salon.com
2679,nordvpn.com
2680,w3.org
2681,dongtw.com
2682,1kdailyprofit.biz
2683,ibanking-services.com
2684,hupu.com
2685,freedownloadmanager.org
2686,lifedaily.com
2687,filecrypt.cc
2688,newsmth.net
2689,eurosport.fr
2690,obozrevatel.com
2691,nu.nl
2692,o2.pl
2693,360.com
2694,oyunskor.com
2695,tupaki.com
2696,entekhab.ir
2697,dinamalar.com
2698,duga.jp
2699,mheducation.com
2700,bitd.gdn
2701,wlp-acs.com
2702,superadexchange.com
2703,bigcartel.com
2704,eovnx.com
2705,postimg.org
2706,livetv.sx
2707,cnr.cn
2708,lego.com
2709,ncore.cc
2710,orbitz.com
2711,uci.edu
2712,sedty.com
2713,battlefield.com
2714,indiarailinfo.com
2715,pelis24.tv
2716,metbuat.az
2717,rule34.xxx
2718,bicentenariobu.com
2719,mathrubhumi.com
2720,rocketnews24.com
2721,viewlorium.com
2722,tampermonkey.net
2723,niusnews.com
2724,soompi.com
2725,tdbank.com
2726,glosbe.com
2727,vodafone.de
2728,sportbox.ru
2729,virginmedia.com
2730,ultipro.com
2731,buzzorange.com
2732,collegeboard.org
2733,citilink.ru
2734,google.com.ni
2735,boxofficemojo.com
2736,bytefence.com
2737,jio.com
2738,livemaster.ru
2739,donmai.us
2740,ren.tv
2741,edmunds.com
2742,livescience.com
2743,osym.gov.tr
2744,jpnn.com
2745,imgchili.net
2746,slidesharecdn.com
2747,creditmutuel.fr
2748,ovh.com
2749,irib.ir
2750,worldlifestyle.com
2751,redbus.in
2752,mangapark.me
2753,nordstromrack.com
2754,oload.tv
2755,transferhit.com
2756,bluestacks.com
2757,indishare.me
2758,vipergirls.to
2759,wpbeginner.com
2760,pordede.com
2761,distractify.com
2762,libertyland.co
2763,cima4up.tv
2764,kohsantepheapdaily.com.kh
2765,lexpress.fr
2766,terra.com.br
2767,muvflix.com
2768,digitalspy.com
2769,tutu.ru
2770,ccavenue.com
2771,gelocal.it
2772,bancoestado.cl
2773,iltalehti.fi
2774,nps.gov
2775,jal.co.jp
2776,whois.com
2777,lk21.org
2778,papajohns.com
2779,aglasem.com
2780,kickass.cd
2781,free3dadultgames.com
2782,bama.ir
2783,giantbomb.com
2784,americasfreedomfighters.com
2785,google.com.cy
2786,lankasri.com
2787,channel4.com
2788,clicktripz.com
2789,tripadvisor.ru
2790,timewarnercable.com
2791,netsuite.com
2792,huzursayfasi.com
2793,ntvbd.com
2794,finalfantasyxiv.com
2795,alquds.com
2796,webmoney.ru
2797,onclickmax.com
2798,tomshardware.co.uk
2799,barclays.co.uk
2800,redhat.com
2801,hamusoku.com
2802,ihg.com
2803,intesasanpaolo.com
2804,nbc.com
2805,squareup.com
2806,gazzetta.gr
2807,nyugator.info
2808,unrealengine.com
2809,ekusherbangladesh.com.bd
2810,lazada.vn
2811,trafficfactory.biz
2812,jolic2.com
2813,suumo.jp
2814,trademe.co.nz
2815,tower.im
2816,rapidyl.net
2817,bancsabadell.com
2818,icc-cricket.com
2819,wizards.com
2820,short.am
2821,careerbuilder.com
2822,beeline.ru
2823,pornohub.su
2824,docker.com
2825,yeadesktop.com
2826,caisse-epargne.fr
2827,on.cc
2828,serienstream.to
2829,up.nic.in
2830,dailythanthi.com
2831,ing.nl
2832,lamoda.ru
2833,ingdirect.es
2834,overdrive.com
2835,glassdoor.co.in
2836,google.hn
2837,citibankonline.com
2838,blic.rs
2839,diamond.jp
2840,muabannhanh.com
2841,zoopla.co.uk
2842,azure.com
2843,rentalcars.com
2844,huomao.com
2845,soy502.com
2846,cafe24.com
2847,aif.ru
2848,weibo.cn
2849,myfonts.com
2850,sf-express.com
2851,flvto.biz
2852,datafile.com
2853,nisrecruitment.org.ng
2854,sammobile.com
2855,cna.com.tw
2856,jd.hk
2857,googleblog.com
2858,stuff.co.nz
2859,auto.ru
2860,graphicriver.net
2861,ouest-france.fr
2862,navyfederal.org
2863,corotos.com.do
2864,almubasher.com.sa
2865,watch8x.com
2866,mixcloud.com
2867,alarab.com
2868,anime-sharing.com
2869,chomikuj.pl
2870,halifax-online.co.uk
2871,padlet.com
2872,bancobrasil.com.br
2873,sciencemag.org
2874,the-star.co.ke
2875,samehadaku.net
2876,thewhizmarketing.technology
2877,nhaccuatui.com
2878,thewatchseries.us
2879,upsc.gov.in
2880,deadline.com
2881,ox.ac.uk
2882,ewingoset.info
2883,t-nation.com
2884,zalando.de
2885,intercambiosvirtuales.org
2886,disp.cc
2887,chsi.com.cn
2888,korrespondent.net
2889,javedch.com
2890,imgsrc.ru
2891,marketgid.com
2892,transfermarkt.de
2893,airbnb.fr
2894,ebay.ie
2895,jang.com.pk
2896,dmkt-sp.jp
2897,ye-mek.net
2898,shop-pro.jp
2899,jst.go.jp
2900,bankersadda.com
2901,agenciatributaria.gob.es
2902,tripadvisor.fr
2903,tvplusnewtab.com
2904,shiftdelete.net
2905,lolcounter.com
2906,watchcartoononline.io
2907,yle.fi
2908,manga-zip.net
2909,online-life.in
2910,07073.com
2911,strawpoll.me
2912,tgbus.com
2913,sparknotes.com
2914,commonhealth.com.tw
2915,producthunt.com
2916,google.com.et
2917,jawharafm.net
2918,betradar.com
2919,blomaga.jp
2920,travelocity.com
2921,pluralsight.com
2922,alibaba-inc.com
2923,kinokong.cc
2924,ae.com
2925,definicion.de
2926,sarayanews.com
2927,twentytwowords.com
2928,jusbrasil.com.br
2929,sulekha.com
2930,anyporn.com
2931,soda.media
2932,infowars.com
2933,cheapoair.com
2934,shmoop.com
2935,247sports.com
2936,smartsheet.com
2937,oneplus.net
2938,realtimepolitics.com
2939,couchsurfing.com
2940,sport.pl
2941,laposte.net
2942,streamin.to
2943,geforce.com
2944,one.com
2945,radikal.ru
2946,voanews.com
2947,olx.co.ao
2948,memrise.com
2949,guiaconsumidor.com
2950,citrixonline.com
2951,stern.de
2952,dkb.de
2953,price.com.hk
2954,wizzair.com
2955,eurogamer.net
2956,fudan.edu.cn
2957,tass.ru
2958,ucoz.ua
2959,skyscrapercity.com
2960,tesla.com
2961,gta5-mods.com
2962,buy123.com.tw
2963,movie4k.to
2964,mojang.com
2965,depfile.com
2966,secureinternetbank.com
2967,instiz.net
2968,wappalyzer.com
2969,thenewslens.com
2970,ziprecruiter.com
2971,rabb.it
2972,musixmatch.com
2973,cnyes.com
2974,mint.com
2975,presslogic.com
2976,vic.gov.au
2977,meituan.com
2978,andaluspress.com
2979,seriouseats.com
2980,mudah.my
2981,allmusic.com
2982,fotolia.com
2983,sony.com
2984,go2cloud.org
2985,myreadingmanga.info
2986,dailykos.com
2987,rusvesna.su
2988,msi.com
2989,imooc.com
2990,bmo.com
2991,90tv.ir
2992,derstandard.at
2993,utoronto.ca
2994,toysrus.com
2995,tiu.ru
2996,wmtransfer.com
2997,mysmartprice.com
2998,criteo.com
2999,err.tmall.com
3000,downloadhelper.net
3001,getresponse.com
3002,wikidot.com
3003,video-one.com
3004,etrade.com
3005,ahrefs.com
3006,cuny.edu
3007,fobshanghai.com
3008,olx.com.eg
3009,asp.net
3010,turkiyegazetesi.com.tr
3011,elegantthemes.com
3012,lc0pyfn.com
3013,ksl.com
3014,sunporno.com
3015,rakuten.com
3016,homeaway.com
3017,studopedia.ru
3018,wemakeprice.com
3019,tweakers.net
3020,lentainform.com
3021,girlsaskguys.com
3022,shopbop.com
3023,theringer.com
3024,giga.de
3025,cgg.gov.in
3026,esporte.uol.com.br
3027,almaany.com
3028,hola.org
3029,wechat.com
3030,sport-express.ru
3031,pornsos.com
3032,airbnb.co.uk
3033,iconfinder.com
3034,rawstory.com
3035,probuilds.net
3036,submarino.com.br
3037,ing-diba.de
3038,nintendo.co.jp
3039,globaltestmarket.com
3040,is.fi
3041,eater.com
3042,mpnrs.com
3043,geico.com
3044,media-rocks.com
3045,ddanzi.com
3046,hpe.com
3047,coupang.com
3048,onclicktop.com
3049,keezmovies.com
3050,etoro.com
3051,dodear.com
3052,torrentino.online
3053,armorgames.com
3054,padsdel.com
3055,check24.de
3056,flightaware.com
3057,xataka.com
3058,templatemonster.com
3059,razerzone.com
3060,nessma.tv
3061,lowyat.net
3062,zergnet.com
3063,google.am
3064,tinhte.vn
3065,guokr.com
3066,hbr.org
3067,gigya.com
3068,time.ir
3069,bestbuy.ca
3070,ebc.net.tw
3071,unique2lazy.com
3072,eltiempo.com
3073,efrable.info
3074,manager.co.th
3075,domaintools.com
3076,alhilalalyoum.com
3077,mp3goo.co
3078,famitsu.com
3079,k2s.cc
3080,jamnews.ir
3081,aranzulla.it
3082,fssnet.co.in
3083,smbc-card.com
3084,tubegalore.com
3085,elsalvador.com
3086,archdaily.com
3087,unilad.co.uk
3088,k2nblog.com
3089,tivoha.com
3090,massdrop.com
3091,dr.dk
3092,band.us
3093,dhs.gov
3094,leroymerlin.fr
3095,grubhub.com
3096,famousbirthdays.com
3097,hackerrank.com
3098,typepad.com
3099,ets.org
3100,suntrust.com
3101,nextlnk11.com
3102,banquepopulaire.fr
3103,sport24.gr
3104,goindigo.in
3105,howtosimplified.com
3106,dailycaller.com
3107,ovh.net
3108,miao.tmall.com
3109,acs.org
3110,2ch.hk
3111,bankbazaar.com
3112,tripadvisor.es
3113,lolking.net
3114,intentmedia.net
3115,gifables.com
3116,vecteezy.com
3117,irna.ir
3118,po-kaki-to.com
3119,8muses.com
3120,netpnb.com
3121,delfi.lt
3122,allabout.co.jp
3123,kotobank.jp
3124,huffingtonpost.jp
3125,samsonite.tmall.com
3126,google.co.ma
3127,medicinenet.com
3128,manualslib.com
3129,baiducontent.com
3130,bobfilm.club
3131,sjtu.edu.cn
3132,zarinpal.com
3133,jetblue.com
3134,e-hentai.org
3135,kaiserpermanente.org
3136,planetlagu.site
3137,ssisurveys.com
3138,coinmill.com
3139,thefuncoolstuff.com
3140,nvzhuang.tmall.com
3141,thesimsresource.com
3142,consumerreports.org
3143,listindiario.com
3144,stargames.com
3145,ibt.uk
3146,drupal.org
3147,vz.ru
3148,akb48matomemory.com
3149,starwoodhotels.com
3150,forexbinarytrends.com
3151,service-public.fr
3152,eleconomista.es
3153,liepin.com
3154,tawk.to
3155,9xmovies.to
3156,espnfc.us
3157,uproxx.com
3158,dict.cn
3159,123movies.co
3160,jooble.org
3161,star.com.tr
3162,netshoes.com.br
3163,sports.tmall.com
3164,ipko.pl
3165,pandora.tv
3166,heureka.cz
3167,scielo.br
3168,farpost.ru
3169,shouji.tmall.com
3170,poki.com
3171,gamewith.jp
3172,city-data.com
3173,theqoo.net
3174,dailystar.co.uk
3175,webcrawler.com
3176,searchgst.com
3177,msu.edu
3178,3djuegos.com
3179,bilutv.com
3180,dealabs.com
3181,spzan.com
3182,weheartit.com
3183,cnnic.cn
3184,movierulz.cx
3185,ulta.com
3186,jorudan.co.jp
3187,bouyguestelecom.fr
3188,beatport.com
3189,jobvite.com
3190,hatelabo.jp
3191,uploadboy.com
3192,elkhadra.com
3193,vector.co.jp
3194,freepik.es
3195,fastcompany.com
3196,blogspot.cl
3197,akamaized.net
3198,upenn.edu
3199,gainreel.tmall.com
3200,eqxiu.com
3201,thenextweb.com
3202,librus.pl
3203,takeitnow.club
3204,hdfilmcehennemi.com
3205,localbitcoins.com
3206,poiskm.net
3207,seesaawiki.jp
3208,1001fonts.com
3209,linktender.net
3210,cibercuba.com
3211,disney.com
3212,lidl.de
3213,koreaboo.com
3214,usc.edu
3215,egy.best
3216,upornoflv.tv
3217,twitcasting.tv
3218,seek.com.au
3219,citationmachine.net
3220,today.com
3221,anandabazar.com
3222,wenger.tmall.com
3223,downloadha.com
3224,nanzhuang.tmall.com
3225,codeplex.com
3226,voirfilms.biz
3227,cibc.com
3228,ratemyprofessors.com
3229,usda.gov
3230,ismedia.jp
3231,newsru.com
3232,btcpop.co
3233,hgtv.com
3234,officedepot.com
3235,theadvocate.com
3236,plusnetwork.com
3237,origin.com
3238,3158.cn
3239,pierrecardinxb.tmall.com
3240,vanityfair.com
3241,exlibrisgroup.com
3242,worldcat.org
3243,hellcase.com
3244,o2tvseries.com
3245,kodi.tv
3246,myspace.com
3247,fullprogramlarindir.com
3248,menshealth.com
3249,haruka-yumenoato.net
3250,mintmanga.com
3251,amarujala.com
3252,qiannaimei.tmall.com
3253,gulte.com
3254,techrepublic.com
3255,monotaro.com
3256,experts-exchange.com
3257,forumfree.it
3258,www.nhs.uk
3259,btcclicks.com
3260,kosovarja.al
3261,ti.com
3262,herb.co
3263,parenting.com.tw
3264,khabarpu.com
3265,wpengine.com
3266,channelmyanmar.org
3267,nvxie.tmall.com
3268,szn.cz
3269,vcommission.com
3270,comdirect.de
3271,mabanque.bnpparibas
3272,atominik.com
3273,box.net
3274,serving-sys.com
3275,randomvideo.co
3276,imagevenue.com
3277,britishairways.com
3278,rai.it
3279,jd.id
3280,gq.com
3281,freshersworld.com
3282,bgr.com
3283,adplex.media
3284,stoiximan.gr
3285,greenhouse.io
3286,crowdworks.jp
3287,state.tx.us
3288,searchinme.com
3289,jia.tmall.com
3290,goldhdtube.com
3291,olx.pt
3292,google.co.bw
3293,monsterindia.com
3294,demotywatory.pl
3295,cam.ac.uk
3296,planetminecraft.com
3297,watch.tmall.com
3298,declk.com
3299,langsha.tmall.com
3300,playsport.cc
3301,parimatch.com
3302,laiguana.tv
3303,solvusoft.com
3304,isohunt.to
3305,mvhop.com
3306,songkick.com
3307,ustream.tv
3308,ozbargain.com.au
3309,buy.tmall.com
3310,fotor.com
3311,quizalert.com
3312,nsw.gov.au
3313,ufl.edu
3314,dai.tmall.com
3315,phoenixads.co.in
3316,zdnet.com
3317,symbolab.com
3318,gruposantander.es
3319,yournewtab.com
3320,musixhub.com
3321,caranddriver.com
3322,worldbank.org
3323,youla.io
3324,lastpass.com
3325,wixstatic.com
3326,juntadeandalucia.es
3327,collegehumor.com
3328,cityheaven.net
3329,freecodecamp.com
3330,time-to-read.ru
3331,24smi.info
3332,himasoku.com
3333,buscape.com.br
3334,yinxiang.com
3335,fast.com
3336,naughtyamerica.com
3337,tableau.com
3338,mover.uz
3339,mr-jatt.com
3340,litv.tv
3341,raspberrypi.org
3342,wapka.mobi
3343,bigmir.net
3344,3movs.com
3345,fossil.tmall.com
3346,tvmuse.com
3347,nanxie.tmall.com
3348,porndig.com
3349,imis.tmall.com
3350,bkrs.info
3351,sponichi.co.jp
3352,minds.com
3353,cleartrip.com
3354,computerhope.com
3355,bradesco.com.br
3356,calvinklein.tmall.com
3357,yumpu.com
3358,kinogb.me
3359,aviasales.ru
3360,carview.co.jp
3361,moneysavingexpert.com
3362,nyc.gov
3363,gurmame.info
3364,etnet.com.hk
3365,ngacn.cc
3366,znds.com
3367,musicpleer.audio
3368,balkanweb.com
3369,record.pt
3370,azams.tmall.com
3371,hc360.com
3372,frtyg.com
3373,betfair.com
3374,baby.tmall.com
3375,cifraclub.com.br
3376,els-cdn.com
3377,car.tmall.com
3378,sonicpdfconverter.com
3379,lianjia.com
3380,net-a-porter.com
3381,extraimage.net
3382,ole.com.ar
3383,navitime.co.jp
3384,infojobs.net
3385,ucsb.edu
3386,journaldesfemmes.com
3387,shatel.ir
3388,xl415.com
3389,uchicago.edu
3390,vodafone.it
3391,at.ua
3392,vtraheme.porn
3393,toadgo.net
3394,liberation.fr
3395,trovaprezzi.it
3396,ehow.com
3397,fao.org
3398,expansion.com
3399,ecuavisa.com
3400,yatra.com
3401,hyxyr.tmall.com
3402,mixplugin.com
3403,tureng.com
3404,loverslab.com
3405,teacherspayteachers.com
3406,gujarat.gov.in
3407,bankrate.com
3408,linguee.es
3409,moviecorner.com
3410,teamtreehouse.com
3411,elcorteingles.es
3412,maniform.tmall.com
3413,binnitu.tmall.com
3414,vivud.com
3415,e1.ru
3416,bag.tmall.com
3417,cimbclicks.com.my
3418,bizjournals.com
3419,world4ufree.ws
3420,moe.gov.my
3421,bethesda.net
3422,theglobeandmail.com
3423,webofknowledge.com
3424,just-eat.co.uk
3425,tvboxnow.com
3426,mp3party.net
3427,mastercard.com.au
3428,ads.gold
3429,crichd.com
3430,paultan.org
3431,standard.co.uk
3432,popmaster.ir
3433,book.tmall.com
3434,tororango.com
3435,gfpornvideos.com
3436,google.cd
3437,zamzar.com
3438,garaanews.com
3439,laravel.com
3440,pbskids.org
3441,threegun.tmall.com
3442,walla.co.il
3443,princeton.edu
3444,rakuten-sec.co.jp
3445,nasdaq.com
3446,nalog.ru
3447,git-scm.com
3448,cnki.net
3449,best-muzon.cc
3450,140517rd.xyz
3451,doctissimo.fr
3452,film2movie.co
3453,skyscanner.com
3454,tcs.com
3455,proboards.com
3456,menclub.hk
3457,translit.net
3458,fitgirl-repacks.site
3459,sportsdirect.com
3460,footmercato.net
3461,idope.se
3462,onlainfilm.ucoz.ua
3463,vonvon.me
3464,gametop.com
3465,opendns.com
3466,runescape.com
3467,mic.com
3468,zimbio.com
3469,centrum24.pl
3470,guildwars2.com
3471,8drama.ru
3472,guioteca.com
3473,deliverymodo.com
3474,inps.it
3475,tn.gov.in
3476,bannedbook.org
3477,ccb.com
3478,mercantilbanco.com
3479,mg.gov.br
3480,hostelworld.com
3481,zkzpfpoazfgq.com
3482,layalina.com
3483,cheezburger.com
3484,goody25.com
3485,panasonic.jp
3486,wt.tmall.com
3487,csod.com
3488,ucoz.com
3489,gamestar.de
3490,ozock.com
3491,smv.to
3492,alriyadh.com
3493,jugem.jp
3494,forexfactory.com
3495,eclipse.org
3496,campograndenews.com.br
3497,ixxx.com
3498,zapier.com
3499,phonearena.com
3500,uloz.to
3501,agenciatributaria.es
3502,ekstrabladet.dk
3503,alrakoba.net
3504,mentalfloss.com
3505,iceporn.com
3506,aclst.com
3507,eastpak.tmall.com
3508,cn163.net
3509,capitalone360.com
3510,game8.jp
3511,meishichina.com
3512,okaz.com.sa
3513,rackspace.com
3514,threnders.com
3515,trafficnado.com
3516,pearsoncmg.com
3517,schoology.com
3518,bbt.com
3519,rae.es
3520,20min.ch
3521,pudelek.pl
3522,91jm.com
3523,telekom.de
3524,royalmail.com
3525,proquest.com
3526,analdin.com
3527,studentdoctor.net
3528,nab.com.au
3529,fragrantica.com
3530,hani.co.kr
3531,ubc.ca
3532,cmu.edu
3533,streaming-unlimited.com
3534,miomio.tv
3535,novelupdates.com
3536,msmtrakk10a.com
3537,hibapress.com
3538,extreme-down.one
3539,alipromo.com
3540,appmedia.jp
3541,tv2.no
3542,cartoonhd.cc
3543,ero-video.net
3544,vsco.co
3545,jkforum.net
3546,who.is
3547,lufthansa.com
3548,riffhold.com
3549,shaadi.com
3550,phimbathu.com
3551,imgflip.com
3552,colorlib.com
3553,youtubeinmp3.com
3554,asianwiki.com
3555,caraotadigital.net
3556,testbook.com
3557,hangseng.com
3558,thestorypedia.com
3559,streamlabs.com
3560,hugedomains.com
3561,mercola.com
3562,lolskill.net
3563,torrentino.me
3564,thebuzztube.com
3565,usp.br
3566,islamqa.info
3567,estadao.com.br
3568,torrenthaja.com
3569,finecobank.com
3570,extremetube.com
3571,kanald.com.tr
3572,unwire.hk
3573,588ku.com
3574,hkgolden.com
3575,societe.com
3576,vietnamnet.vn
3577,google.co.mz
3578,fbdown.net
3579,ford.com
3580,dubailifestyleapp.com
3581,oricon.co.jp
3582,ilgiornale.it
3583,casasbahia.com.br
3584,cheatsheet.com
3585,51auto.com
3586,allbest.ru
3587,thetrainline.com
3588,gome.com.cn
3589,sigmaaldrich.com
3590,hinet.net
3591,expressen.se
3592,teratail.com
3593,forumcommunity.net
3594,beautyexchange.com.hk
3595,teespring.com
3596,calculator.net
3597,alternativeto.net
3598,jandan.net
3599,brasilescola.uol.com.br
3600,naijaloaded.com.ng
3601,nesn.com
3602,360kan.com
3603,tinyium.com
3604,uwants.com
3605,publico.es
3606,sweetwater.com
3607,maalaimalar.com
3608,jobc.gdn
3609,cwb.gov.tw
3610,coincheck.com
3611,zimuzu.tv
3612,nttdocomo.co.jp
3613,zoznam.sk
3614,asu.edu
3615,mathsisfun.com
3616,jxnews.com.cn
3617,payscale.com
3618,yify-torrent.org
3619,ea3w.com
3620,finecomb.com
3621,national-lottery.co.uk
3622,toggl.com
3623,ssa.gov
3624,worktile.com
3625,statsroyale.com
3626,origo.hu
3627,traveloka.com
3628,flipboard.com
3629,pornoxo.com
3630,northwestern.edu
3631,megahdporno.net
3632,wolfram.com
3633,ssense.com
3634,uefa.com
3635,curseforge.com
3636,nonno.hk
3637,coingecko.com
3638,serebii.net
3639,sony.jp
3640,ntu.edu.tw
3641,gdeposylka.ru
3642,itch.io
3643,ipeen.com.tw
3644,memurlar.net
3645,hackstore.net
3646,dota2.com
3647,ctrip.com
3648,binarylp.com
3649,nj.com
3650,kym-cdn.com
3651,denofgeek.com
3652,gtmetrix.com
3653,weequizz.com
3654,vivo.sx
3655,lyricstranslate.com
3656,tv.com
3657,newsit.gr
3658,garanti.com.tr
3659,niniban.com
3660,tcgplayer.com
3661,anz.com
3662,inmotionhosting.com
3663,adyou.me
3664,jutarnji.hr
3665,juara.net
3666,mercadolibre.cl
3667,minube.com
3668,creaders.net
3669,mizuhobank.co.jp
3670,cyberforum.ru
3671,banco.bradesco
3672,ourluckysites.com
3673,quidco.com
3674,netgear.com
3675,microify.com
3676,unblockall.xyz
3677,euronews.com
3678,51hejia.com
3679,fearer.info
3680,worldoftanks.com
3681,thestar.com
3682,samplicio.us
3683,snagajob.com
3684,peyvandha.ir
3685,sbi.co.in
3686,fuq.com
3687,qorno.com
3688,torrent.cd
3689,moudamepo.com
3690,searchincognito.com
3691,conduit.com
3692,acm.org
3693,money.pl
3694,stream-direct.co
3695,mthai.com
3696,yinyuetai.com
3697,avira.net
3698,lolnexus.com
3699,buzzadexchange.com
3700,wallpapersafari.com
3701,zazzle.com
3702,pr.gov.br
3703,ycwb.com
3704,songsterr.com
3705,izito.co.in
3706,ebaumsworld.com
3707,easports.com
3708,huffingtonpost.co.uk
3709,adweek.com
3710,imvu.com
3711,aktuality.sk
3712,narvar.com
3713,homepage-web.com
3714,kisscartoon.io
3715,spring.io
3716,q.gs
3717,realtor.ca
3718,packtpub.com
3719,material.io
3720,russia.tv
3721,1plus1tv.ru
3722,tamilwin.com
3723,whatismyipaddress.com
3724,sonymobile.com
3725,yale.edu
3726,smbc-comics.com
3727,clicknupload.org
3728,shooshtime.com
3729,warthunder.ru
3730,gov.kz
3731,premierleague.com
3732,dramanice.ru
3733,goodgamestudios.com
3734,qoo10.sg
3735,mafengwo.cn
3736,vidal.fr
3737,rackcdn.com
3738,torrentking.eu
3739,infoescola.com
3740,24video.adult
3741,telegraaf.nl
3742,docin.com
3743,nguoiduatin.vn
3744,proxyof.com
3745,mosaiquefm.net
3746,regnum.ru
3747,thairath.co.th
3748,scoop.it
3749,kataweb.it
3750,iwara.tv
3751,khan.co.kr
3752,banesco.com
3753,theblaze.com
3754,mbtrx.com
3755,webinarjam.net
3756,clicrbs.com.br
3757,probiller.com
3758,pcgames-download.net
3759,diary.ru
3760,vodafone.in
3761,apytrc.com
3762,adsmountain.com
3763,lesnumeriques.com
3764,zimbra.free.fr
3765,namesakeoscilloscopemarquis.com
3766,pipedrive.com
3767,eltiempo.es
3768,news-decent.com
3769,stardoll.com
3770,club-k.net
3771,mtv.com
3772,modiseh.com
3773,puhutv.com
3774,pearson.com
3775,alayam24.com
3776,ikanman.com
3777,720pizle.com
3778,vslovetv.com
3779,bankia.es
3780,bookingbuddy.com
3781,collabserv.com
3782,socialnewpages.com
3783,ntv.com.tr
3784,qvc.com
3785,dbmads.com
3786,kijiji.it
3787,adorocinema.com
3788,mailchi.mp
3789,katestube.com
3790,wikiquote.org
3791,arte.tv
3792,9to5mac.com
3793,anybunny.com
3794,france.tv
3795,hotnine9.com
3796,melon.com
3797,turkishairlines.com
3798,umd.edu
3799,almanar.com.lb
3800,sbs.co.kr
3801,pr0gramm.com
3802,indiabix.com
3803,ss.lv
3804,macworld.co.uk
3805,highsnobiety.com
3806,viptube.com
3807,manchestereveningnews.co.uk
3808,caribbeancom.com
3809,immobiliare.it
3810,gitbooks.io
3811,kommersant.ru
3812,a10.com
3813,zum.com
3814,mystart.com
3815,365jia.cn
3816,qudong.com
3817,worldfree4u.lol
3818,ssl2anyone4.com
3819,xing.al
3820,cera.online
3821,logmein.com
3822,torrentday.com
3823,thesukan.com
3824,traffcdn.com
3825,sina.cn
3826,xmusik.me
3827,cmbchina.com
3828,aa.com.tr
3829,metrotvnews.com
3830,theonion.com
3831,plos.org
3832,arcgis.com
3833,shaanig.org
3834,dizimag2.co
3835,kolesa.kz
3836,xsrv.jp
3837,essada.net
3838,cricfree.sc
3839,mundosexanuncio.com
3840,tpsl-india.in
3841,blogos.com
3842,comenity.net
3843,noticiaaldia.com
3844,taroot-rangi.com
3845,wallpaperscraft.com
3846,seloger.com
3847,sonhoo.com
3848,biomedcentral.com
3849,fararu.com
3850,037hd.com
3851,fontspace.com
3852,cabelas.com
3853,scientificamerican.com
3854,le.com
3855,tnkexchange.com
3856,lacuerda.net
3857,medu.ir
3858,windowscentral.com
3859,scoopwhoop.com
3860,prizegrab.com
3861,7cfmnf.top
3862,arabseed.com
3863,elderscrollsonline.com
3864,realitykings.com
3865,trackvoluum.com
3866,syf.com
3867,champion.gg
3868,tune.pk
3869,inbox.lv
3870,politicususa.com
3871,fujitsu.com
3872,trenitalia.com
3873,alfavita.gr
3874,proxybay.one
3875,akiba-online.com
3876,moretify.com
3877,ebayimg.com
3878,staseraintv.com
3879,iguang.tw
3880,collinsdictionary.com
3881,daily.co.jp
3882,rus.porn
3883,ticketmonster.co.kr
3884,creofive.com
3885,rozblog.com
3886,intellicast.com
3887,nairabet.com
3888,rr.com
3889,letyshops.ru
3890,anharmo.info
3891,dailywire.com
3892,iplayer.fm
3893,pornerbros.com
3894,c-sharpcorner.com
3895,popularmechanics.com
3896,mango.com
3897,dnvod.tv
3898,ifanr.com
3899,nos.nl
3900,tamilgun.ooo
3901,freelotto.com
3902,lloydsbank.com
3903,sonyliv.com
3904,xehoiviet.com
3905,governmentjobs.com
3906,subdivx.com
3907,usmagazine.com
3908,advleniv.com
3909,torrent-games.net
3910,ut.ac.ir
3911,kkdate.com
3912,niksalehi.com
3913,voirfilms.info
3914,dns-shop.ru
3915,kakprosto.ru
3916,perdos.me
3917,autozone.com
3918,masrawy.com
3919,barlamane.com
3920,enamad.ir
3921,rfa.org
3922,slrclub.com
3923,bpi.ir
3924,jisho.org
3925,chinaunix.net
3926,jawapos.com
3927,babblecase.com
3928,rstyle.me
3929,ytmp3.cc
3930,lefrecce.it
3931,luscious.net
3932,mamaclub.com
3933,sheetnews.net
3934,timesofmalta.com
3935,jetstar.com
3936,rhymezone.com
3937,zerodha.com
3938,prostoporno.club
3939,creativebloq.com
3940,keywordblocks.com
3941,204.12.226.68
3942,ipg-online.com
3943,pornktube.com
3944,wa.gov
3945,tonarinoyj.jp
3946,independent.ie
3947,colorado.edu
3948,exist.ru
3949,surveyrouter.com
3950,mobile5shop.com
3951,companieshouse.gov.uk
3952,seneweb.com
3953,hi.fo
3954,www.gob.mx
3955,sarizeybekhaber.com.tr
3956,comdotgame.com
3957,steemit.com
3958,kemdikbud.go.id
3959,cafebazaar.ir
3960,latam.com
3961,ameritrade.com
3962,animefreak.tv
3963,pluto.tv
3964,suruga-ya.jp
3965,mtsindia.in
3966,redbull.com
3967,ximalaya.com
3968,ttmeiju.com
3969,cncn.org.cn
3970,fritz.box
3971,uqie4nzy.com
3972,livemint.com
3973,boohoo.com
3974,hrazens.com
3975,eghtesadnews.com
3976,99acres.com
3977,esquire.com
3978,ally.com
3979,ultrasawt.com
3980,venturead.com
3981,wuso.me
3982,iefimerida.gr
3983,successfactors.eu
3984,facenama.com
3985,eslamoda.com
3986,zalukaj.com
3987,censor.net.ua
3988,delish.com
3989,thegameraccess.com
3990,earthlink.net
3991,ameli.fr
3992,upsocl.com
3993,mp3.cc
3994,tax.gov.ir
3995,oanda.com
3996,ule.com
3997,cbse.nic.in
3998,golem.de
3999,goglogo.com
4000,dx.com
4001,hdblog.it
4002,juegos.com
4003,tamu.edu
4004,kickasstop1.com
4005,pptv.com
4006,marinetraffic.com
4007,adveric.net
4008,westpac.com.au
4009,milenio.com
4010,nieuwsblad.be
4011,quasargaming.com
4012,mangatown.com
4013,99114.com
4014,business-standard.com
4015,arbeitsagentur.de
4016,walmart.ca
4017,rs-online.com
4018,baseball-reference.com
4019,takealot.com
4020,magazineluiza.com.br
4021,wine-searcher.com
4022,lepoint.fr
4023,acer.com
4024,mponline.gov.in
4025,carwale.com
4026,attn.com
4027,steamgifts.com
4028,dailypost.ng
4029,elzmannews.com
4030,topwar.ru
4031,cox.net
4032,animenewsnetwork.com
4033,redflagdeals.com
4034,whirlpool.net.au
4035,ubuntuforums.org
4036,symantec.com
4037,69tubesex.com
4038,rateyourmusic.com
4039,nodejs.org
4040,ixbt.com
4041,btdb.in
4042,telecomitalia.it
4043,aljaras.com
4044,bobaedream.co.kr
4045,directadvert.ru
4046,businessdictionary.com
4047,viralinindia.net
4048,lesechos.fr
4049,pcloud.com
4050,starbucks.com
4051,mt.co.kr
4052,combo-search.com
4053,redsys.es
4054,ynet.com
4055,wetalk.tw
4056,vogue.com
4057,ilcorsaronero.info
4058,grailed.com
4059,gencat.cat
4060,thestartmagazine.com
4061,kinoclips.tv
4062,natwest.com
4063,nationwide.co.uk
4064,pozdravok.ru
4065,movizland.com
4066,uwaterloo.ca
4067,mystartab.com
4068,collegedunia.com
4069,digialm.com
4070,tvsubtitles.net
4071,watchseries.do
4072,hi5.com
4073,blog.hu
4074,pdf2doc.com
4075,shopstyle.com
4076,wowprogress.com
4077,nerdwallet.com
4078,usgs.gov
4079,kurir.rs
4080,dyndns.org
4081,elperiodico.com
4082,hindimoviesonlines.net
4083,sportskeeda.com
4084,rockpapershotgun.com
4085,saramin.co.kr
4086,javpop.com
4087,wd15303.com
4088,crossout.net
4089,jhu.edu
4090,diretta.it
4091,ap2tg.com
4092,facebookdating.link
4093,darty.com
4094,usembassy.gov
4095,karapaia.com
4096,kickasstorrents.to
4097,faceit.com
4098,meaww.com
4099,alamy.com
4100,greeninst.com
4101,lyst.com
4102,dnsrsearch.com
4103,joyreactor.cc
4104,dropboxusercontent.com
4105,cyberciti.biz
4106,shopee.co.id
4107,akhbaralaan.net
4108,pc6.com
4109,texas.gov
4110,feide.no
4111,marmiton.org
4112,kdslife.com
4113,metafilter.com
4114,baomoi.com
4115,blesk.cz
4116,subhd.com
4117,tvzvezda.ru
4118,segundamano.mx
4119,masutabe.info
4120,myplaycity.com
4121,futbol24.com
4122,bobibanking.com
4123,interpals.net
4124,gradeup.co
4125,gamespark.jp
4126,dnevnik.ru
4127,consequenceofsound.net
4128,ethz.ch
4129,bitflyer.jp
4130,gsmhosting.com
4131,compucalitv.com
4132,sexu.com
4133,saavn.com
4134,bluenik.com
4135,blackdesertonline.com
4136,blick.ch
4137,pcstore.com.tw
4138,saraiva.com.br
4139,aftership.com
4140,bazos.sk
4141,eurosport.com
4142,delfi.lv
4143,wallpaperswide.com
4144,tvrain.ru
4145,worldoftanks.eu
4146,litres.ru
4147,maharashtra.gov.in
4148,emisorasunidas.com
4149,smallseotools.com
4150,rapidtables.com
4151,getchu.com
4152,espnfc.com
4153,happer.info
4154,alfabank.ru
4155,ali213.net
4156,pintient.com
4157,befunky.com
4158,lodynet.com
4159,resultados-futbol.com
4160,mercadolivre.com
4161,animaljam.com
4162,j.gs
4163,sport1.de
4164,livelib.ru
4165,nii.ac.jp
4166,ogone.com
4167,centrum.cz
4168,shabdkosh.com
4169,nat.gov.tw
4170,teoma.com
4171,pccomponentes.com
4172,liontravel.com
4173,dzone.com
4174,pagseguro.uol.com.br
4175,wisebanc.com
4176,dreamfilmhd.sh
4177,spectrum.com
4178,e-estekhdam.com
4179,gsurl.in
4180,sep.gob.mx
4181,dorkly.com
4182,dawnnews.tv
4183,homes.co.jp
4184,managebac.com
4185,superjob.ru
4186,gazetablic.com
4187,mk.co.kr
4188,khabarfarsi.com
4189,angular.io
4190,tikona.in
4191,walmart.com.br
4192,tipsviral.org
4193,unc.edu
4194,banamex.com
4195,mydramalist.com
4196,wittybunny.com
4197,runetki.com
4198,mysynchrony.com
4199,tenforums.com
4200,endclothing.com
4201,inspiremore.com
4202,ticketfly.com
4203,symbaloo.com
4204,motorsport.com
4205,techwalla.com
4206,smbc.co.jp
4207,tineye.com
4208,extra.com.br
4209,weathernews.jp
4210,netbk.co.jp
4211,shimo.im
4212,netacad.com
4213,zangsisi.net
4214,pizzahut.com
4215,finviz.com
4216,katfile.com
4217,regions.com
4218,straitstimes.com
4219,miaopai.com
4220,filmesonlinex.biz
4221,tabloidbintang.com
4222,sabaharabi.com
4223,adreactor.com
4224,vuejs.org
4225,trendyol.com
4226,mycouchtuner.city
4227,warcraftlogs.com
4228,showroom-live.com
4229,geektimes.ru
4230,zbj.com
4231,r7.com
4232,taz.gr
4233,unsw.edu.au
4234,skrill.com
4235,bom.gov.au
4236,cox.com
4237,cumlouder.com
4238,lifehack.org
4239,518.com.tw
4240,tinypic.com
4241,guitarcenter.com
4242,img.yt
4243,clickbank.com
4244,freenet.de
4245,google.mg
4246,akhbarak.net
4247,aizhan.com
4248,patoghu.com
4249,cas.sk
4250,laracasts.com
4251,laleggepertutti.it
4252,frys.com
4253,irannaz.com
4254,poe.trade
4255,thewhizmarket.co
4256,10010.com
4257,myscore.com.ua
4258,fmkorea.com
4259,wikisource.org
4260,raialyoum.com
4261,xiumi.us
4262,ksu.edu.sa
4263,divyabhaskar.co.in
4264,filgoal.com
4265,hentai-foundry.com
4266,letmacwork.world
4267,sensacine.com
4268,univision.com
4269,cnnturk.com
4270,snapchat.com
4271,apkmirror.com
4272,cint.com
4273,readcomiconline.to
4274,duniaku.net
4275,cloob.com
4276,football365.com
4277,tomtom.com
4278,mtggoldfish.com
4279,systemrequirementslab.com
4280,tdscpc.gov.in
4281,cineulagam.com
4282,startimes.com
4283,sunmaker.com
4284,istruzione.it
4285,gst.gov.in
4286,ftchinese.com
4287,16personalities.com
4288,dota2.ru
4289,5278.mobi
4290,macmillandictionary.com
4291,idbibank.co.in
4292,draxe.com
4293,mp4upload.com
4294,shiksha.com
4295,centurylink.com
4296,bittorrent.com
4297,semanticscholar.org
4298,wonderhowto.com
4299,superanimes.com
4300,google.sn
4301,basketball-reference.com
4302,as2tv.com
4303,topuniversities.com
4304,jbzdy.pl
4305,justanswer.com
4306,looper.com
4307,expressvpn.com
4308,qwant.com
4309,supercpa1.com
4310,spaggiari.eu
4311,sport-fm.gr
4312,template.net
4313,minergate.com
4314,serialssolutions.com
4315,skyrock.com
4316,ustraveldocs.com
4317,woocommerce.com
4318,brainly.com.br
4319,moe.gov.sa
4320,user-clicks.com
4321,zaycev.online
4322,nptel.ac.in
4323,piaohua.com
4324,firestorage.jp
4325,garena.com
4326,kimcurlrvsms.com
4327,hashflare.io
4328,ip138.com
4329,anandtech.com
4330,userbenchmark.com
4331,jungleerummy.com
4332,bobx.gdn
4333,techspot.com
4334,johnlewis.com
4335,tokyomotion.net
4336,oxu.az
4337,ems.com.cn
4338,amtrak.com
4339,bankmandiri.co.id
4340,tryboobs.com
4341,explosm.net
4342,battlenet.com.cn
4343,netdna-ssl.com
4344,imore.com
4345,pelisplanet.com
4346,ilacrehberi.com
4347,stihi.ru
4348,xapo.com
4349,porno365.info
4350,jiemian.com
4351,u-tokyo.ac.jp
4352,fosshub.com
4353,freepdfconvert.com
4354,computerbase.de
4355,pcbaby.com.cn
4356,seemorgh.com
4357,footlocker.com
4358,jiji.com
4359,torlock.com
4360,yaraon-blog.com
4361,modernweekly.com
4362,fantasti.cc
4363,airdroid.com
4364,seria-z.net
4365,shaneless.com
4366,telangana.gov.in
4367,tro-ma-ktiko.blogspot.gr
4368,b92.net
4369,tensorflow.org
4370,totalsportek.com
4371,babyblog.ru
4372,sofascore.com
4373,tmall.hk
4374,qld.gov.au
4375,smzdm.com
4376,optimum.net
4377,appfolio.com
4378,dogwrite.com
4379,poshmark.com
4380,codechef.com
4381,dubizzle.com
4382,buenastareas.com
4383,apnews.com
4384,e-reading.club
4385,google.al
4386,privalia.com
4387,mxttrf.com
4388,list-manage1.com
4389,linuxmint.com
4390,washingtontimes.com
4391,gatech.edu
4392,movistar.es
4393,comandotorrents.com
4394,addtoany.com
4395,mystartsearch.com
4396,gocomics.com
4397,piaotian.com
4398,editorialmanager.com
4399,bluewin.ch
4400,canadiantire.ca
4401,saisoncard.co.jp
4402,dicio.com.br
4403,afip.gob.ar
4404,corrieredellosport.it
4405,questionablecontent.net
4406,ocn.ne.jp
4407,vidtomp3.com
4408,hongkiat.com
4409,instant-gaming.com
4410,dv37.com
4411,quierest.com
4412,justjared.com
4413,wapka.me
4414,hanime.tv
4415,hyptas.com
4416,nex1music.ir
4417,aeroflot.ru
4418,hotwire.com
4419,kseries.co
4420,thewindowsclub.com
4421,cash-code-system.com
4422,panasonic.com
4423,va.gov
4424,spirit.com
4425,pcgames.com.cn
4426,gosugamers.net
4427,toonova.net
4428,videa.hu
4429,jstv.com
4430,mylust.com
4431,watchonlinemovies.com.pk
4432,5dcar.com
4433,cgpersia.com
4434,masterani.me
4435,trafficbroker.com
4436,traidnt.net
4437,aktualne.cz
4438,showroomprive.com
4439,gopro.com
4440,xitek.com
4441,kanoon.ir
4442,glaz.tv
4443,saraba1st.com
4444,tbs.co.jp
4445,gsu.edu
4446,kinguin.net
4447,thepiratefilmeshd.com
4448,torrentfunk.com
4449,siteground.com
4450,viator.com
4451,simpli.com
4452,kink.com
4453,watchmygirlfriend.tv
4454,goud.ma
4455,santabanta.com
4456,tv-alnoor.com
4457,calameo.com
4458,iyiou.com
4459,netbarg.com
4460,drakorindo.com
4461,bd-pratidin.com
4462,aucfan.com
4463,myfedloan.org
4464,livestream.com
4465,mifix.xyz
4466,immowelt.de
4467,ning.com
4468,ef.com
4469,gva.es
4470,deloitte.com
4471,maxdealz.com
4472,huffingtonpost.es
4473,ifttt.com
4474,178.com
4475,vokrug.tv
4476,nseindia.com
4477,nzherald.co.nz
4478,safaribooksonline.com
4479,vidads.in
4480,mangago.me
4481,histats.com
4482,megogo.net
4483,kotak.com
4484,huffingtonpost.it
4485,manta.com
4486,docomo.ne.jp
4487,putlocker.co
4488,screencast.com
4489,budsgunshop.com
4490,alabout.com
4491,aftabir.com
4492,jumia.com.eg
4493,google.co.ke
4494,18183.com
4495,alza.cz
4496,santandernet.com.br
4497,tripadvisor.ca
4498,ds-ytiralflabi.ru
4499,hi.ru
4500,bookdepository.com
4501,lci.fr
4502,letslowbefast.today
4503,russianfood.com
4504,tsn.ca
4505,91porn.com
4506,cybozulive.com
4507,katcr.co
4508,cointraffic.io
4509,vivo.com.br
4510,counter-strike.net
4511,toponclick.com
4512,gomaji.com
4513,grand-casino4.com
4514,genesis-mining.com
4515,konga.com
4516,vocabulary.com
4517,proxysite.com
4518,androidpolice.com
4519,vip.com
4520,bizrate.com
4521,dezeen.com
4522,newchic.com
4523,bistroapi.com
4524,pulsk.com
4525,vsetop.com
4526,featuresmag.com
4527,manuscriptcentral.com
4528,adservme.com
4529,hdpopcorns.com
4530,mapsofindia.com
4531,warthunder.com
4532,rutgers.edu
4533,leroymerlin.ru
4534,oregonstate.edu
4535,kugou.com
4536,brother.com
4537,sagawa-exp.co.jp
4538,marieclaire.com.tw
4539,venturebeat.com
4540,pornhubpremium.com
4541,nme.com
4542,cuevana2.tv
4543,cut-urls.com
4544,rivals.com
4545,animeflv.me
4546,444.hu
4547,adyen.com
4548,ebrun.com
4549,secretsdujeu.com
4550,retty.me
4551,familysearch.org
4552,gravatar.com
4553,lifehacker.jp
4554,statefarm.com
4555,tmtpost.com
4556,laptopmag.com
4557,finanzen.net
4558,fdj.fr
4559,globalnews.ca
4560,senego.com
4561,hentaihaven.org
4562,mirrorcreator.com
4563,dnb.no
4564,jamb.org.ng
4565,pokemonshowdown.com
4566,viralthread.com
4567,adpop-1.com
4568,ilmessaggero.it
4569,gazetevatan.com
4570,ingbank.pl
4571,mlsmatrix.com
4572,hdkinohit.net
4573,itsgoneviral.com
4574,sfacg.com
4575,24sata.hr
4576,gogoanime.tv
4577,bizpacreview.com
4578,jpmorganchase.com
4579,anadolu.edu.tr
4580,ucsc.edu
4581,vkmag.com
4582,2nn.jp
4583,theage.com.au
4584,crichd.info
4585,media-fire.org
4586,skynewsarabia.com
4587,bioskopkeren.co
4588,researchnow.com
4589,mbalib.com
4590,justwatch.com
4591,abebooks.com
4592,netvasco.com.br
4593,blackhatworld.com
4594,virustotal.com
4595,ixl.com
4596,eurostreaming.club
4597,haraj.com.sa
4598,animeid.tv
4599,twirpx.com
4600,388bet.com
4601,vercomicsporno.com
4602,tripod.com
4603,therichest.com
4604,59cn7.com
4605,gamesradar.com
4606,yes24.com
4607,cild.gdn
4608,tripadvisor.jp
4609,ipagal.org
4610,newsone.gr
4611,apost.com
4612,vg247.com
4613,teamwork.com
4614,fardanews.com
4615,ganool.st
4616,index-education.net
4617,news247.gr
4618,bu.edu
4619,billmscurlrev.com
4620,bancadigitalbod.com
4621,residentadvisor.net
4622,samanese.ir
4623,siemens.com
4624,payumoney.com
4625,justporno.tv
4626,petapixel.com
4627,castorama.fr
4628,sina.com
4629,renewitnow.co
4630,larepublica.pe
4631,freemake.com
4632,dramafire.com
4633,gamerch.com
4634,bostonglobe.com
4635,adfoc.us
4636,k12.ca.us
4637,doisongphapluat.com
4638,lightnepal.com
4639,skstream.co
4640,apkreal.com
4641,bravoporn.com
4642,estream.to
4643,all.biz
4644,kip5j.com
4645,transaccionesbancolombia.com
4646,redbox.com
4647,google.com.pg
4648,ifilez.org
4649,setlist.fm
4650,pornxs.com
4651,iha.com.tr
4652,alaskaair.com
4653,hizliresim.com
4654,hosyusokuhou.jp
4655,fresherslive.com
4656,space.com
4657,gmx.at
4658,getformsonline.com
4659,leetcode.com
4660,99.com
4661,mediamarkt.es
4662,blogspot.com.ng
4663,easybib.com
4664,clickadu.com
4665,pingdom.com
4666,car.gr
4667,ignou.ac.in
4668,bbcgoodfood.com
4669,westernunion.com
4670,foozine.com
4671,yourbittorrent.com
4672,panzoid.com
4673,fontsquirrel.com
4674,freshnewsasia.com
4675,aarp.org
4676,marcaapuestas.es
4677,fanpage.it
4678,citethisforme.com
4679,denizhaber.com.tr
4680,dl-xvideos.com
4681,lachainemeteo.com
4682,anthropologie.com
4683,gadgetsnow.com
4684,france24.com
4685,krone.at
4686,sigmalive.com
4687,convertio.co
4688,kuleuven.be
4689,tes.com
4690,biography.com
4691,angularjs.org
4692,wyylde.com
4693,moviefone.com
4694,sci-hub.cc
4695,gktoday.in
4696,anything2mp3.com
4697,adsplay.in
4698,driverscape.com
4699,xiaomi.cn
4700,onlinelic.in
4701,bazos.cz
4702,seamless.com
4703,liaoxuefeng.com
4704,zenmate.com
4705,gamebanana.com
4706,wrestlinginc.com
4707,gsis.gr
4708,thermofisher.com
4709,sharelatex.com
4710,sanspo.com
4711,granbluefantasy.jp
4712,neimanmarcus.com
4713,bcvc.mobi
4714,meneame.net
4715,ca800.com
4716,google.com.qa
4717,airbnb.it
4718,suspents.info
4719,cosmo.ru
4720,gtbank.com
4721,technews.tw
4722,shomanews.com
4723,n4hr.com
4724,alef.ir
4725,tv2.dk
4726,bitmotion-tab.com
4727,duke.edu
4728,hirunews.lk
4729,d1ev.com
4730,nts.org.pk
4731,internshala.com
4732,sarzamindownload.com
4733,fetishshrine.com
4734,gry-online.pl
4735,mingpao.com
4736,wrike.com
4737,kroger.com
4738,futurism.com
4739,my-hit.fm
4740,svyaznoy.ru
4741,zemtv.com
4742,standardchartered.com
4743,13dl.net
4744,upsconline.nic.in
4745,4downfiles.org
4746,tlen.pl
4747,teatroporno.com
4748,indy100.com
4749,streeteasy.com
4750,getsportscore.com
4751,dbs.com.sg
4752,healthunlocked.com
4753,mappy.com
4754,outlook.com
4755,hastidownload.us
4756,sercristao.org
4757,lancers.jp
4758,jagonews24.com
4759,freecharge.in
4760,surveygizmo.com
4761,kbn-live.com
4762,monova.org
4763,imgprime.com
4764,mvnrepository.com
4765,jofogas.hu
4766,skyscanner.ru
4767,swedbank.se
4768,listenonrepeat.com
4769,catfly.com
4770,pinterest.se
4771,webs.com
4772,cafemom.com
4773,hatenadiary.jp
4774,whitehouse.gov
4775,laprensa.com.ni
4776,filehorse.com
4777,zaycev.net
4778,bdupload.info
4779,arablionz.tv
4780,virginia.edu
4781,watchepisodeseries.com
4782,clickpost.jp
4783,synology.com
4784,kyoto-u.ac.jp
4785,hvg.hu
4786,canalblog.com
4787,bandsintown.com
4788,live-rutor.org
4789,ooreka.fr
4790,top1health.com
4791,parsine.com
4792,orion-code-access.net
4793,javsex.net
4794,2nafare.com
4795,klm.com
4796,ethereum.org
4797,www.gov.cn
4798,javhihi.com
4799,sc.com
4800,ddmix.net
4801,time.mk
4802,vietcombank.com.vn
4803,timesjobs.com
4804,hellporno.com
4805,topky.sk
4806,classmethod.jp
4807,ooopic.com
4808,topcinema.tv
4809,aftenposten.no
4810,olx.uz
4811,hdfilme.tv
4812,koha.net
4813,tgju.org
4814,appost.in
4815,santander.com.br
4816,venmo.com
4817,atpworldtour.com
4818,prestashop.com
4819,plala.or.jp
4820,cont.ws
4821,ctvnews.ca
4822,linkwithin.com
4823,mlive.com
4824,themuse.com
4825,nationalrail.co.uk
4826,2m.ma
4827,interfax.ru
4828,kbs.co.kr
4829,cybersource.com
4830,mismarcadores.com
4831,passeidireto.com
4832,olymptrade.com
4833,tdcanadatrust.com
4834,clickppcbuzz.com
4835,debian.org
4836,sakura.ad.jp
4837,xiachufang.com
4838,mangafreak.net
4839,work.ua
4840,tvp.pl
4841,favorit.com.ua
4842,gouv.qc.ca
4843,mercurynews.com
4844,pmhotnews.com
4845,morningstar.com
4846,adafruit.com
4847,hoortols.org
4848,epicurious.com
4849,carsensor.net
4850,cra-arc.gc.ca
4851,vseinstrumenti.ru
4852,calciomercato.com
4853,askmen.com
4854,yapo.cl
4855,scottrade.com
4856,dwarozh.net
4857,wikibuy.com
4858,ih5.cn
4859,yhd.com
4860,biji.co
4861,research.com
4862,backchina.com
4863,listentoyoutube.com
4864,recruit.co.jp
4865,axs.com
4866,cathaypacific.com
4867,openrec.tv
4868,idokep.hu
4869,only2date.com
4870,vlive.tv
4871,kabum.com.br
4872,las2orillas.co
4873,000webhost.com
4874,coocan.jp
4875,lacasadelcurioso.com
4876,cyberleninka.ru
4877,piratefilmeshd.org
4878,akinator.com
4879,archlinux.org
4880,greasyfork.org
4881,alaraby.co.uk
4882,kafan.cn
4883,xossip.com
4884,tre.it
4885,ferret-plus.com
4886,trivago.com
4887,dafiti.com.br
4888,psiphontoday.com
4889,arizona.edu
4890,colatour.com.tw
4891,game168.com.tw
4892,androidfilehost.com
4893,navient.com
4894,imtranslator.net
4895,goldesel.to
4896,filerio.in
4897,jobsdb.com
4898,aquipelis.net
4899,swiki.jp
4900,dlroozane.com
4901,progressive.com
4902,vagas.com.br
4903,gossiplankanews.com
4904,uq.edu.au
4905,bangbros.com
4906,atom.io
4907,xiu.com
4908,lexilogos.com
4909,sleazyneasy.com
4910,telstra.com.au
4911,dygang.com
4912,pogo.com
4913,siriusxm.com
4914,unimelb.edu.au
4915,asemooni.com
4916,gohillgo.com
4917,cams.com
4918,men.gov.ma
4919,schoolloop.com
4920,netdna-cdn.com
4921,mhlw.go.jp
4922,pornbb.org
4923,plays.tv
4924,bigfishgames.com
4925,mybenita.com
4926,downloadhub.in
4927,etherscan.io
4928,irishtimes.com
4929,23andme.com
4930,sport.cz
4931,gigafile.nu
4932,htc.com
4933,btc-e.com
4934,cinemablend.com
4935,rst.ua
4936,dealnews.com
4937,medthai.com
4938,liginc.co.jp
4939,burusoku-vip.com
4940,filefactory.com
4941,livenation.com
4942,libertaddigital.com
4943,kariyer.net
4944,amazon.com.br
4945,utah.edu
4946,yesadsrv.com
4947,mongodb.com
4948,o2online.de
4949,prnewswire.com
4950,djelfa.info
4951,monash.edu
4952,airbnb.es
4953,bloglovin.com
4954,efu.com.cn
4955,retre.org
4956,upera.co
4957,mtime.com
4958,aladin.co.kr
4959,playbuzz.com
4960,digiato.com
4961,thenounproject.com
4962,utiitsl.com
4963,canon.com
4964,movierulz.ag
4965,indeed.fr
4966,textnow.com
4967,mailerlite.com
4968,eurosport.ru
4969,creativesrv.com
4970,oi.com.br
4971,pickaflick.co
4972,matomeantena.com
4973,thewirecutter.com
4974,tuttosport.com
4975,tooxclusive.com
4976,mercadolibre.com.pe
4977,wantedly.com
4978,echoroukonline.com
4979,gentside.com
4980,workable.com
4981,groupme.com
4982,shitaraba.net
4983,laredoute.fr
4984,iu.edu
4985,cardekho.com
4986,vic.edu.au
4987,segodnya.ua
4988,gamestorrents.com
4989,keywordtool.io
4990,gnu.org
4991,creativecow.net
4992,njuskalo.hr
4993,indiewire.com
4994,fasttech.com
4995,kissanime.io
4996,realclearpolitics.com
4997,uw.edu
4998,autoblog.com
4999,ceconline.com
5000,heroku.com
